user_id,nickname,red_id,region,ip,tags,following,followers,likes_collects,followers_num,status,url,ts
542eb483d6e4a91d8852c1cf,我叫可爱诺～,116736969,北京,北京,北京朝阳,16,946,4074,946,ok,https://www.xiaohongshu.com/user/profile/542eb483d6e4a91d8852c1cf?xsec_token=YBptAccUjaTUk3Fd1AyEV4XGB-rWRWGYT6DWM1-Rc3QyI=&xsec_source=app_share&xhsshare=CopyLink&shareRedId=Nzo0RUU5PDxKPUo2SkExSj47PjlHNklP&apptime=1787669558&share_id=02e242dc98084138a18d881f21302915,2026-08-31T09:03:16.288Z
54813093d6e4a91ec7fb6bcf,欧洲西兰花🥦,496431167,上海,上海,30岁|华东理工大学,95,106,9933,106,ok,https://www.xiaohongshu.com/user/profile/54813093d6e4a91ec7fb6bcf?xsec_token=YB5ldzA4QRU_pyu9S9UwQZRluRcLJbtsG7KNQ2O6p-il0=&xsec_source=app_share&xhsshare=CopyLink&shareRedId=Nzo6MTY1PTxKPUo2SkExS0k6T0k6R0lP&apptime=1787724420&share_id=32a8bb5f04014f73921cf619558a151c,2026-08-31T09:03:16.289Z
54828e3e2e1d9320b11edc8f,呢啊娜娜娜,425392998,辽宁,辽宁,天蝎座,135,1786,1.9万,1786,ok,https://www.xiaohongshu.com/user/profile/54828e3e2e1d9320b11edc8f?xsec_token=YBZNHKViGpIGhvEMxD6m8HyaR8475OIGX3KGBnSDJEiKU%3D&xsec_source=app_share&shareRedId=Nzo6MjtKN044TDZGQjsyNkg0OkxISD5P&apptime=1786079524&share_id=62db4e0d37d84801885314ac1938ff20&share_channel=copy_link&appuid=54828e3e2e1d9320b11edc8f&xhsshare=CopyLink,2026-08-31T09:03:38.775Z
54f48530d39ea21129b525c4,两颗🍊,102943488,天津,天津,,,,,,ok,https://www.xiaohongshu.com/user/profile/54f48530d39ea21129b525c4?xsec_token=YBZhg9hnIwbNINAgBM9vA-Spencd9vpijYfJqO618oq5A=&xsec_source=app_share&xhsshare=CopyLink&shareRedId=NzpINDs6NzlKOj5HSjoxNzg8Szw2Okk9&apptime=1776860509&share_id=a2fc43afb746455d9c8bf78671e86f7d,2026-08-31T08:35:26.918Z
55040618d39ea2559f1ae75b,小福馨🌟,239482214,江苏,江苏,,,,,,ok,https://www.xiaohongshu.com/user/profile/55040618d39ea2559f1ae75b?xsec_token=YBpyYh4io247KJpXRGNAleo8Ewix_RdBw3cz3r5K7ubKw%3D&xsec_source=app_share&shareRedId=NzsyNDM7NUFKOj5HSjo1Oz9JOkhJPDtL&apptime=1787651075&share_id=c6c6313e4b7242cbb20923ab5d653c3b&share_channel=copy_link&appuid=55040618d39ea2559f1ae75b&xhsshare=CopyLink,2026-08-31T08:35:29.422Z
55224bbfb203d9382e28b3a3,🍊橙C没事儿,119077312,浙江,浙江,31岁|中国|母婴博主,,,,,ok,https://www.xiaohongshu.com/user/profile/55224bbfb203d9382e28b3a3?xsec_token=YBg8cgtptaLonzFVivXv58t-qcLnc1Qbf7ZLJI41u7wD4=&xsec_source=app_share&xhsshare=CopyLink&shareRedId=Nzs0MjdHRk9IOTU1TUEzPjhIOz9GOEc8&apptime=1787673275&share_id=cc1b8cef9e684d2784d87ac112ecd390,2026-08-31T08:35:43.939Z
556c2386c2bdeb620b77e9b7,是豆豆呀,zouzou1107_,湖南,湖南,|湖南长沙,,,,,ok,https://www.xiaohongshu.com/user/profile/556c2386c2bdeb620b77e9b7?xsec_token=YBKDffurwYHyi1YuCdL8lp_yBADjOaf09uGnkQdrMpdms=&xsec_source=app_share&xhsshare=CopyLink&shareRedId=Nzs4QzU4PD9JOUdGTko2ODZFQD5JPkhA&apptime=1787715875&share_id=4c85b457e91745d380eaa0b220a0c386,2026-08-31T08:36:06.463Z
55588b5eb7ba227af191419b,起起起起起不来,104972892,天津,天津,|中国|美食博主,,,,,ok,https://www.xiaohongshu.com/user/profile/55588b5eb7ba227af191419b?xsec_token=YBOjpuDOXiAIqcXlkQr_FjE_triNE2ZWdvVXRhy53eC7c=&xsec_source=app_share&xhsshare=CopyLink&shareRedId=Nzs3ODtHOU5IPkdDOzo3R0w0Qjg4Nj9L&apptime=1787714646&share_id=d8529366e91e4a1db9723af07e0afe6f,2026-08-31T08:36:06.463Z
5557601a67bc6555c09bfb7a,维多多1983,94160575623,吉林,吉林,|母婴博主,,,,,ok,https://www.xiaohongshu.com/user/profile/5557601a67bc6555c09bfb7a?xsec_token=YBgNOYV4N2IJHEtOeovzCF-cqxR5B_p-NfJpRpkJKDtTI=&xsec_source=app_share&xhsshare=CopyLink&shareRedId=Nzs3Nzk1NUo8PkdFPz01O0kzQklKRz1K&apptime=1787665624&share_id=bf14ccb75df64999adcf9ef08b39d726,2026-08-31T08:36:06.462Z
559e13c867bc657306d9fce8,可可西里的猫,299289656,天津,天津,,,,,,ok,https://www.xiaohongshu.com/user/profile/559e13c867bc657306d9fce8?xsec_token=YBTrxPrYf9euxRoDdJPyAQb7qFdWItW_JUcg8plCn8f9w%3D&xsec_source=app_share&shareRedId=Nzs7RTQ4R0E8PkdFPz03OTY5TUBKSEtB&apptime=1787722383&share_id=77bf483a85b14dd3a14cab0c3ba1b95b&share_channel=copy_link&appuid=559e13c867bc657306d9fce8&xhsshare=CopyLink,2026-08-31T08:36:25.933Z
55751fbbf5a2635fb445b40c,稳稳崽,102977482,浙江,浙江,处女座|浙江温州,,,,,ok,https://www.xiaohongshu.com/user/profile/55751fbbf5a2635fb445b40c?xsec_token=YBNsKakyCgQ53H4l-phnH2PmQMatFIC3kBXtmBv_8LYLY=&xsec_source=app_share&xhsshare=CopyLink&shareRedId=Nzs5NTRLRktMPEY0Pzs1TEg3PTxGOTZM&apptime=1787667258&share_id=8a087bf300ac4e3492f6d1ca10038964,2026-08-31T08:36:25.223Z
55717b3e22cfcd5c71d9c27e,郁李（孕晚期）,496214467,浙江,浙江,|浙江杭州|母婴博主,,,,,ok,https://www.xiaohongshu.com/user/profile/55717b3e22cfcd5c71d9c27e,2026-08-31T08:36:27.066Z
55a47c2bc2bdeb40d137c1d7,嘉苒长乐,419220834,天津,天津,射手座|中国|母婴博主,,,,,ok,https://www.xiaohongshu.com/user/profile/55a47c2bc2bdeb40d137c1d7?xsec_token=YB7qHuap5l3DUR3Rd316Y-rUKgxnu494v_MGeOe8I_0IE%3D&xsec_source=app_share&shareRedId=NztDNDpINktJOUdGTko0Nko0PD5HNkpA&apptime=1775630967&share_id=58093c368e984f459390754f12e204cf&share_channel=copy_link&appuid=55a47c2bc2bdeb40d137c1d7&xhsshare=CopyLink,2026-08-31T08:36:33.639Z
55a703b33397db526f76aefe,鲤鱼麻麻✨,104255831,江苏,江苏,天蝎座,,,,,ok,https://www.xiaohongshu.com/user/profile/55a703b33397db526f76aefe?xsec_token=YBfPw3D0aHk5mVz-A6mlSUu7CqVbMXnJO6n0oF6vDvTyo=&xsec_source=app_share&xhsshare=CopyLink&shareRedId=NztDNzM4Rjw5Oj45TUo1ODxJQD1FSkxO&apptime=1787713974&share_id=47d13dcaf5b34c7a9109fb3429d90b87,2026-08-31T08:36:51.568Z
55ab3af9b7ba220eb69ce033,小泡总吖,paopao102,四川,四川,|中国|母婴博主,,,,,ok,https://www.xiaohongshu.com/user/profile/55ab3af9b7ba220eb69ce033?xsec_token=YB7YnkqKGFH5dpBIfFteygAsstg1ne-C7JKHkU0vv2EZ4=&xsec_source=app_share&xhsshare=CopyLink&shareRedId=NztDQjZGSkJIPkdDOzowS0g5QkpJNTk8&apptime=1787761320&share_id=1e85b8fbdac14e8c911ad4fcdea90570,2026-08-31T08:36:51.843Z
55cd5dc9c2bdeb263140704e,欧欧耶比,109701495,福建,福建,|母婴博主,,,,,ok,https://www.xiaohongshu.com/user/profile/55cd5dc9c2bdeb263140704e?xsec_token=YBqvr8wPfaIzK-psCRZibfLKZCgcmJnYEbr_kbe_26iBA=&xsec_source=app_share&&apptime=1787671999&shareRedId=NztFRDhJR0JJOUdGTkoyPDk0PTc7NTpO&share_id=f0725be2103345c2b7e067a2f4c12758&xhsshare=CopyLink,2026-08-31T08:36:52.402Z
55d30c79b7ba22617f31e1da,一只芊,428293828,福建,福建,|福建厦门,,,,,ok,https://www.xiaohongshu.com/user/profile/55d30c79b7ba22617f31e1da?xsec_token=YBOaYi9ilFTvp3bzS19LjtYUt9VwANiw6MmxIiJrpYPf8=&xsec_source=app_share&xhsshare=CopyLink&shareRedId=NztGMzNIO0JIPkdDOzo2Nz1JPDhJNkpK&apptime=1787634963&share_id=76debf71405149fca2f73f905d577676,2026-08-31T08:36:54.774Z
55f4be4b67bc6528620d7f22,吴大大,743819711,湖南,湖南,31岁,,,,,ok,https://www.xiaohongshu.com/user/profile/55f4be4b67bc6528620d7f22?xsec_token=YBDFjJE9xaV5gH8Xvk1JDm2T7u4C0li0dIpiZm7mLNaPk=&xsec_source=app_share&xhsshare=CopyLink&shareRedId=NztINEVKOEs8PkdFPz0yPjw1OUs7Szg7&apptime=1787751825&share_id=507d1a0ac16d4b9b9a1fedf2dffe0a6a,2026-08-31T08:36:58.820Z
561f66ce484fb6587b36c90d,楼西西,lxx879150675,浙江,浙江,浙江杭州,,,,,ok,https://www.xiaohongshu.com/user/profile/561f66ce484fb6587b36c90d?xsec_token=YBTa_uMCqdisJaF3vsUUWTRB-Gof_kSLs8wtXSNMD6V68=&xsec_source=app_share&xhsshare=CopyLink&shareRedId=N0c0N0c4OEA3OEdHOjgwOkw8Tjg0ODk9&apptime=1786090013&share_id=4ea4237de1db47f884f0a44ecfd3ba71,2026-08-31T08:36:58.955Z
56835c8b50c4b45989374885,同同加油鸭,960325789,上海杨浦区,上海,|上海杨浦区,,,,,ok,https://www.xiaohongshu.com/user/profile/56835c8b50c4b45989374885,2026-08-31T08:36:59.453Z
5699104750c4b47010aaf2fa,铱铱多可爱【备孕三胎中】,728394591,河北,河北,天秤座|河北雄安新|母婴博主,,,,,ok,https://www.xiaohongshu.com/user/profile/5699104750c4b47010aaf2fa?xsec_token=YBz2EE7xEFzW4bJcw_a2RzbZPu3tieawIio9rUlqdgD3o%3D&xsec_source=app_share&shareRedId=Nzw7OTQ1OEA7N0g2Szw3NjczSkhKN0xK&apptime=1773646356&share_id=9cf12c31cdc3441d9052cb3047b69c80&share_channel=copy_link&appuid=5699104750c4b47010aaf2fa&xhsshare=CopyLink,2026-08-31T08:37:01.964Z
56a31fda84edcd706699cde2,米粒妈咪分享日常,103475223,上海,上海,24岁|上海浦东|母婴博主|上海思博职业技术学...,,,,,ok,https://www.xiaohongshu.com/user/profile/56a31fda84edcd706699cde2?xsec_token=YB8cncvnZBKO4EYanBK9D7cGRX9ybjcf9hM9qMB7T97dY=&xsec_source=app_share&xhsshare=CopyLink&shareRedId=NzxDMzRLSEo-O0pGTEw3Njw5QkBHSUs7&apptime=1786080438&share_id=e38e8f10029348edad2c91fba3791ccd,2026-08-31T08:37:05.586Z
56a55a8aaed75868b36a7289,若娴,101877981,江苏,江苏,|上海,,,,,ok,https://www.xiaohongshu.com/user/profile/56a55a8aaed75868b36a7289?xsec_token=YBqjUTQmVpnuIEpr0fNMaSx80kQZF1kayeLd4z_ROUHEQ=&xsec_source=app_share&&apptime=1787793053&shareRedId=NzxDNThGPEpHTEk5PkA2Pkg2P0g7Nz5C&share_id=08e6137a942848999178f0cf00f57a7e&xhsshare=CopyLink,2026-08-31T08:37:05.712Z
570244cd1c07df16b5bbc2f6,🥤可乐崽崽~~,184512828,上海,上海,|母婴博主|探店博主,,,,,ok,https://www.xiaohongshu.com/user/profile/570244cd1c07df16b5bbc2f6?xsec_token=YBYj-RV3eHYvJj5RlV46zC_2gdYm9QKvE5Qcv3brJU46g%3D&xsec_source=app_share&shareRedId=Nz0yMjc5R003SjU5TU4xPEg4S0lHN0w_&apptime=1787725418&share_id=cc155d02dc4f49d9a4d75592a3bed2de&share_channel=copy_link&appuid=570244cd1c07df16b5bbc2f6&xhsshare=CopyLink,2026-08-31T08:37:06.682Z
5714a245aed7586075cf42b0,多米优选日记,Aquarius_qx,湖南,湖南,水瓶座,,,,,ok,https://www.xiaohongshu.com/user/profile/5714a245aed7586075cf42b0?xsec_token=YBjOtqnmNwnv0k8Db1jNlmGiFdiP1Cf6UCbXKw29z5bo8=&xsec_source=app_share&xhsshare=CopyLink&shareRedId=Nz0zNEQ3OD5HTEk5PkA2Nj04TE04N0g5&apptime=1787752270&share_id=926a100c991847cfbcbef78ab00d97ee,2026-08-31T08:37:09.822Z
572fd42f5e87e76c66840e75,小苹果的日常,102631381,广东,广东,,,,,,ok,https://www.xiaohongshu.com/user/profile/572fd42f5e87e76c66840e75?xsec_token=YBLwuRqUYSMMzLPqrzsY0WLpvLU95cSQAstRBtOZDjI6U=&xsec_source=app_share&xhsshare=CopyLink&shareRedId=Nz00Rkc5Nk87TD05Tj82STw5QTs0Sj0-&apptime=1787720225&share_id=d99d3a4deb1a4aeab6432e8d4f754c0f,2026-08-31T08:37:11.597Z
571bee484775a722c238f19e,兎兎子 ～,105283991,重庆,重庆,双鱼座|重庆|品牌创始人,,,,,ok,https://www.xiaohongshu.com/user/profile/571bee484775a722c238f19e?xsec_token=YBpvYYRaF-XJaj3VUKnMaONFaD7ZNvruP7scItdqOhbSs=&xsec_source=app_share&xhsshare=CopyLink&shareRedId=Nz0zQkhKOEE6Pjw3Sj8yOEk1PD9KNj9O&apptime=1787708607&share_id=6fb38781ab1e41609be165d5359e3ddb,2026-08-31T08:37:11.544Z
573215a66a6a697c53772e00,贤阿君,100921920,湖北,湖北,|湖北武汉,,,,,ok,https://www.xiaohongshu.com/user/profile/573215a66a6a697c53772e00?xsec_token=YB59dI_aav8Sz-WsUdDa1ZKBiygyYaRbhoWwkrjUd7830=&xsec_source=app_share&xhsshare=CopyLink&shareRedId=Nz01MjQ6RT88SDtDP0E3STs2QD42SjY5&apptime=1787720803&share_id=ae3b2872d4ca4780ab8474bf2f7841ad,2026-08-31T08:37:14.685Z
574b1bcb6a6a697ce20ff1a5,壮壮很强壮💪,106957850,天津,天津,处女座|天津南开|母婴博主|育儿博主,,,,,ok,https://www.xiaohongshu.com/user/profile/574b1bcb6a6a697ce20ff1a5?xsec_token=YBF38acN8UbFoXgShl7bIXd1iC-4uFiOSCiDd9tsAgono=&xsec_source=app_share&xhsshare=CopyLink&shareRedId=Nz02QjRHR0s8SDtDP0E3SUs1OU1KNkc-&apptime=1779866152&share_id=eaf6651394e949259697dcadce0e2271,2026-08-31T08:37:17.687Z
5754dab9bd0da50998960959,加特霖,111838506,天津,天津,|天津西青,,,,,ok,https://www.xiaohongshu.com/user/profile/5754dab9bd0da50998960959?xsec_token=YBV8iCvC9qivxxlYWxqkIaeleGlYBHjvoc2DAnifwPWZY=&xsec_source=app_share&xhsshare=CopyLink&shareRedId=Nz03NEdGRkJISzVGSj0wPz87Qj00PjtC&apptime=1779936291&share_id=564daa1c179a450884e3d255bc267cf8,2026-08-31T08:37:18.508Z
577fbb6f82ec3936e8a1a997,小坤宝儿,Lixiaoxiao77,河北,河北,32岁|中国|母婴博主|育儿博主,,,,,ok,https://www.xiaohongshu.com/user/profile/577fbb6f82ec3936e8a1a997?xsec_token=YBBgHdslw9zYYylPQu7QLLsTMDJx0HMJ5AOM_jH3_A19Q%3D&xsec_source=app_share&shareRedId=Nz05RkVHOk8-OUpFPEEzPEs7SjhFPj9A&apptime=1782710538&share_id=94a9597d3e1f4c1bbdaeb778d0fa74cb&share_channel=copy_link&appuid=577fbb6f82ec3936e8a1a997&xhsshare=CopyLink,2026-08-31T08:37:20.877Z
5792c56abd0da549a85edcd2,大慧儿,949010966,天津,天津,,,,,,ok,https://www.xiaohongshu.com/user/profile/5792c56abd0da549a85edcd2?xsec_token=YBI9VZ3ta2zAFov62VU6xs76ToIPgM8RF8x48nw7cvfew=&xsec_source=app_share&xhsshare=CopyLink&shareRedId=Nz07MkY6OkpISzVGSj00P0c7PkxISEo7&apptime=1787645341&share_id=f69dd504349f4695baf40091804dee84,2026-08-31T08:37:21.259Z
57b5e79050c4b43d5d2b2219,银汐💦（孕晚期）,105932991,河南,河南,25岁,,,,,ok,https://www.xiaohongshu.com/user/profile/57b5e79050c4b43d5d2b2219?xsec_token=YBCr14MSOxJ0gS5qLxztUOH-m01K3NgxUZJ13cBHDcRLE=&xsec_source=app_share&xhsshare=CopyLink&shareRedId=Nz1ENUg8PTk7N0g2SzwzSjtHO0k2NzdC&apptime=1785774552&share_id=3d2b2e03ad824279a9e20418d16d465d,2026-08-31T08:37:23.315Z
57cd306b7fc5b86d9f6c6a5b,A 〰 王梦颖 mmm,608949360,江苏,江苏,|江苏南京,,,,,ok,https://www.xiaohongshu.com/user/profile/57cd306b7fc5b86d9f6c6a5b?xsec_token=YBTntVXdg-q7OI1pXtkJtdf8VXKtKjXGbRaL0-L7X5M7Q=&xsec_source=app_share&xhsshare=CopyLink&appuid=57cd306b7fc5b86d9f6c6a5b&apptime=1786105667,2026-08-31T08:37:27.333Z
57c7abf882ec39340e2aece2,小表妹儿～（孕晚期）,107066927,四川,四川,金牛座,,,,,ok,https://www.xiaohongshu.com/user/profile/57c7abf882ec39340e2aece2?xsec_token=YB4ulo_7zwnZHfeRsrsufA9hO9DUNIu3h4h-i5Z6LMB44=&xsec_source=app_share&xhsshare=CopyLink&shareRedId=Nz1FN0RHSkE-OUpFPEEzOjZIO0hJSEs7&apptime=1786529406&share_id=49d37e72ba2d46e6bce41742879cb25b,2026-08-31T08:37:27.178Z
57efa4985e87e740e57e695a,泽洋TwinsMom（重启日记）,101249553,吉林,吉林,,,,,,ok,https://www.xiaohongshu.com/user/profile/57efa4985e87e740e57e695a?xsec_token=YBv89pDXxqLg2G8aoHw38qJxSMTAk9LKpS3PDKFv2RcSU=&xsec_source=app_share&&apptime=1787634619&shareRedId=Nz1HRkQ5PUE7TD05Tj80Nks4QEw6PjtK&share_id=14fc83aca0824127b76bdd7f204a256b&xhsshare=CopyLink,2026-08-31T08:37:27.973Z
581756285e87e778baac2fe5,啦啦啦啦,101711028,江西,江西,,,,,,ok,https://www.xiaohongshu.com/user/profile/581756285e87e778baac2fe5?xsec_token=YBcgkFyQzvrQUKosb7Eyr2EQ6CNPbcvbJXULyXjPmKDSo%3D&xsec_source=app_share&shareRedId=Nz4zNzg7NkE7TD05Tj83PkhESko2S0s-&apptime=1783403470&share_id=571047838a9d4001b32fed1c24d452d8&share_channel=copy_link&appuid=581756285e87e778baac2fe5&xhsshare=CopyLink,2026-08-31T08:37:30.681Z
58381c135e87e73da90e3662,燕宝麻麻,110063946,内蒙古,内蒙古,|母婴博主,,,,,ok,https://www.xiaohongshu.com/user/profile/58381c135e87e73da90e3662?xsec_token=YBgy3L18DXw3Ukmtpe59OO2EvmiHiiVcjzm43iFlSi4u4%3D&xsec_source=app_share&shareRedId=Nz41ODRINTw7TD05Tj8zSkc8OUw3Ozw7&apptime=1786092596&share_id=503226a9ce434e068cf47bc087833b70&share_channel=copy_link&appuid=58381c135e87e73da90e3662&xhsshare=CopyLink,2026-08-31T08:37:33.809Z
584e06967fc5b8432b076efe,小熊妈咪🐻,274406021,天津,天津,|天津滨海新,,,,,ok,https://www.xiaohongshu.com/user/profile/584e06967fc5b8432b076efe?xsec_token=YBlYhHgvcO1PZpJFMyjDmE6hJc1Adrkc-13kc-Vv8ve18=&xsec_source=app_share&xhsshare=CopyLink&shareRedId=Nz42RTM7PT89TUg3S0A0OThFOT46SkxO&apptime=1787646090&share_id=4ec4fcd6ceb4443e9239ff21b4a6c605,2026-08-31T08:37:34.489Z
584eac5b50c4b402dc7fb9d8,野棠(小月龄),111000378,河南,河南,,,,,,ok,https://www.xiaohongshu.com/user/profile/584eac5b50c4b402dc7fb9d8?xsec_token=YBYVVzNKyDTU5oeXNnAg6o8s31xgkUAIKMaMWgT0LGF9o=&xsec_source=app_share&xhsshare=CopyLink&shareRedId=Nz42RURIOUs7N0g2SzwwOEpGQE1GPkpB&apptime=1787759747&share_id=a31760fd28b14d859fb3e81c2adda28c,2026-08-31T08:37:35.766Z
584fe3a382ec396081bd37a1,Mia,415651173,山东,山东,,,,,,ok,https://www.xiaohongshu.com/user/profile/584fe3a382ec396081bd37a1?xsec_token=YBcVHSzASTXVDna_5mChYORkC9SHSan40Gabz2g90IVsE=&xsec_source=app_share&xhsshare=CopyLink&shareRedId=Nz42Rkg4RTw-OUpFPEE2Nj40S0s3PEc6&apptime=1787800725&share_id=0764cfd6305246ada2a26254fe90c4c1,2026-08-31T08:37:37.969Z
5852c93982ec3930aa5d5adf,陌雨涵,546356264,河北,河北,|中国,,,,,ok,https://www.xiaohongshu.com/user/profile/5852c93982ec3930aa5d5adf?xsec_token=YB6ZR2164dEYz60oW7bENYhj3Bojl7wwFYk9NB1_f3WhI=&xsec_source=app_share&xhsshare=CopyLink&shareRedId=Nz43MkY-N0I-OUpFPEEzNkdEPks5RkpP&apptime=1786952413&share_id=1ed281a6c8e6462f8221eceddeb9aff8,2026-08-31T08:37:39.519Z
585800b86a6a690d2d73a104,小年妈不打烊,2664026613miya,江西,江西,25岁|江西赣州,,,,,ok,https://www.xiaohongshu.com/user/profile/585800b86a6a690d2d73a104?xsec_token=YB7KAX7EUKVlNaHxPniP_J0Ll668eVPq4c9w0mAo7lO9E=&xsec_source=app_share&xhsshare=CopyLink&shareRedId=Nz43ODM1RkE8SDtDP0EwSjhHQDpFNjY9&apptime=1787719690&share_id=e9b5d5f742d948a39165995f96c857ad,2026-08-31T08:37:40.396Z
58597b4d50c4b4359e3d7e75,🕶️胡子小姐,602645202,黑龙江,黑龙江,30岁|玻利维亚|母婴博主|育儿博主,,,,,ok,https://www.xiaohongshu.com/user/profile/58597b4d50c4b4359e3d7e75?xsec_token=YBO1iQpjx13i6atGlbh3gBy0nfpatRgPCrCW5HMO-e-bU=&xsec_source=app_share&xhsshare=CopyLink&shareRedId=Nz43OTpHOE07N0g2SzwzOz9IPEs7Sj0-&apptime=1780338786&share_id=be2cd772a32249719f4bfcbd681e5925,2026-08-31T08:37:41.720Z
585fb64a6a6a692db6d30f11,toto,118949195,广东,广东,,,,,,ok,https://www.xiaohongshu.com/user/profile/585fb64a6a6a692db6d30f11?xsec_token=YBtd_rOzXW1DbW3RzMoje-4Xgn0Ubm43s6d-7f-Bl5XAY%3D&xsec_source=app_share&shareRedId=Nz43RkU7OEo8SDtDP0EySkg5TTo0Szc6&apptime=1787752767&share_id=fc8e3cba672d4668a0d6a52d4392b4c7&share_channel=copy_link&appuid=585fb64a6a6a692db6d30f11&xhsshare=CopyLink,2026-08-31T08:37:44.190Z
587f149c5e87e7384ee15805,橙橙（孕晚期卧床中）,942990272,河南,河南,处女座|母婴博主|教育博主,,,,,ok,https://www.xiaohongshu.com/user/profile/587f149c5e87e7384ee15805?xsec_token=YBg-U3I5aCDipZVM4eu48eF6OjkLRIkYtFwL0CFxYqiXA=&xsec_source=app_share&xhsshare=CopyLink&shareRedId=Nz45RjQ5PUw7TD05Tj8zPjpITjg5PTY-&apptime=1786093946&share_id=de17dd1e77a64e1b87bfd6aaf98640ef,2026-08-31T08:37:46.572Z
5886c43282ec3940de0822b3,有米（孕期）,95654407735,福建,福建,22岁,,,,,ok,https://www.xiaohongshu.com/user/profile/5886c43282ec3940de0822b3?xsec_token=YBUZa3mSBxQozaO10ZQd1Pc-vxYZkHBXiC6rBcY290dzU=&xsec_source=app_share&xhsshare=CopyLink&shareRedId=Nz46NkY5Nzs-OUpFPEE0NkpIOT82N0g8&apptime=1787717373&share_id=61ab3182413546dc9b6ef2c950cc68ba,2026-08-31T08:37:47.059Z
58a8ef4e50c4b4488877250e,悦然宝贝成长日记,495127606,天津,天津,32岁|母婴博主,,,,,ok,https://www.xiaohongshu.com/user/profile/58a8ef4e50c4b4488877250e?xsec_token=YBV_9NLi32VjKOIwt4o4FVE7yWD2qZ6G6kczp8hxkUQFc%3D&xsec_source=app_share&shareRedId=Nz5DOEhLOE47N0g2Szw0Pj47QD42OjZO&apptime=1787713755&share_id=259d2f503a174a0a964867bed6bb7b23&share_channel=copy_link&appuid=58a8ef4e50c4b4488877250e&xhsshare=CopyLink,2026-08-31T08:37:50.356Z
58c36b743460944ab4d38247,曾曾曾好看,423976515,天津,天津,,,,,,ok,https://www.xiaohongshu.com/user/profile/58c36b743460944ab4d38247?xsec_token=YBbldaVQYvQ_RBGVFrsuMcdbnmQ3GGiQllbSKIReoI0o0=&xsec_source=app_share&xhsshare=CopyLink&shareRedId=Nz5FMzlHOz05OzsyQjw0R0g3TTo8NzpA&apptime=1786093322&share_id=49f26bf6d5224bc2af08b2a23a36a9b7,2026-08-31T08:37:51.134Z
58cfd2cf50c4b46417889cc0,comfort,118319792,陕西,陕西,,,,,,ok,https://www.xiaohongshu.com/user/profile/58cfd2cf50c4b46417889cc0?xsec_token=YBij3DgyfRFMlSlVDv4ZMNJNmlUnxnzgWeoxt2RL_75EU=&xsec_source=app_share&xhsshare=CopyLink&shareRedId=Nz5FRkc3R087N0g2Szw2Ojc6QT89SEk5&apptime=1787649978&share_id=807ae98e077b4cdf83b39a8a3ec258b7,2026-08-31T08:37:54.557Z
58d61a236a6a69777ac601f5,大表哥🌪（带娃版）,491958689,天津,天津,摩羯座|天津西青,,,,,ok,https://www.xiaohongshu.com/user/profile/58d61a236a6a69777ac601f5?xsec_token=YBpT7cI6zDnCtj6FO0NvrqYxHhVhnyKiQCCziF4GiJOTA=&xsec_source=app_share&xhsshare=CopyLink&shareRedId=Nz5GNjRGNjw8SDtDP0E3PT1ETD00Nkw-&apptime=1787727829&share_id=68b62ad8d9f24a8e96827918d4630a45,2026-08-31T08:37:54.816Z
58db6b7182ec397d6db93e8d,原来是树,263448657,广东,广东,白羊座|广东清远,,,,,ok,https://www.xiaohongshu.com/user/profile/58db6b7182ec397d6db93e8d?xsec_token=YBU9Sn-yxc_D1uYwkZJDkGRvxrbaHWofvJaiQmcPH7Ah8=&xsec_source=app_share&xhsshare=CopyLink&shareRedId=ODdGNjs7NT42NzUyOTgwNjczOTc5R0tM&apptime=1787808104&share_id=60c62f28a76b4640bbc5bb69eddb6f8b,2026-08-31T08:37:56.258Z
58f16c235e87e70ea64333cf,小胖脸的生活,180886482,天津,天津,|中国,,,,,ok,https://www.xiaohongshu.com/user/profile/58f16c235e87e70ea64333cf?xsec_token=YBaFTKVXpgZLiDsV3wTu6KcyaDgPzHAq8JSpP6GLySpfA%3D&xsec_source=app_share&shareRedId=Nz5IMTlINjw7TD05Tj8wS0c5PTo3OElP&apptime=1778139421&share_id=92842add2ab0453f8090fde42d1d42b8&share_channel=copy_link&appuid=58f16c235e87e70ea64333cf&xhsshare=CopyLink,2026-08-31T08:37:57.292Z
58f71f125e87e737d047d675,沐苒小哭包,421148681,浙江,浙江,|浙江宁波,,,,,ok,https://www.xiaohongshu.com/user/profile/58f71f125e87e737d047d675?xsec_token=YBQpVv4yvcaMrwewTku5e_qUawAyhndRaYubE2txRHDOE%3D&xsec_source=app_share&shareRedId=Nz5INzRLNTs7TD05Tj8zPUozPT5IOz0-&apptime=1787665678&share_id=93157e34041d4f96aa624787e76ef1ed&share_channel=copy_link&appuid=58f71f125e87e737d047d675&xhsshare=CopyLink,2026-08-31T08:38:02.073Z
58f8b4ada9b2ed37520b762a,幸福发财吃饱饱,955349112,山西,山西,天秤座|山西太原|时尚博主|探店博主,,,,,ok,https://www.xiaohongshu.com/user/profile/58f8b4ada9b2ed37520b762a?xsec_token=YBuf1kFeNxnKwptvr0KVwXWPs-8mUO8cGwDHppKFTd4Js=&xsec_source=app_share&xhsshare=CopyLink&shareRedId=ODpIMzg4Oj42NzUyOTgwNjY3OTk6PDo6&apptime=1787749707&share_id=d60dc5ab99e54c4d9941d092dc90a377,2026-08-31T08:38:03.326Z
5900b69e50c4b42e511825d5,胡图真不糊涂（新手宝妈）,ML_1209_,广东,广东,,,,,,ok,https://www.xiaohongshu.com/user/profile/5900b69e50c4b42e511825d5?xsec_token=YBtnaEBlVgzgDTstX63eZcKSaY4WNNMQXI1ShXHZzWBco=&xsec_source=app_share&xhsshare=CopyLink&shareRedId=Nz8yMEU7PU47N0g2SzwySzs0Oj82Oko-&apptime=1786097912&share_id=ae8c2c740715415f9fac1418b674508b,2026-08-31T08:38:03.520Z
590486345e87e71af2dc05b2,七七小太阳（小月龄）,269551992,陕西,陕西,|陕西,,,,,ok,https://www.xiaohongshu.com/user/profile/590486345e87e71af2dc05b2?xsec_token=YBrG0hVNvC-drSy4-C0iXKUqG22I8OTyyXfnk45_EC-og=&xsec_source=app_share&xhsshare=CopyLink&shareRedId=Nz8yNDs7Nz07TD05Tj8xR0w1TUo0Okg7&apptime=1784534524&share_id=d95343123d46446d961f8b060f60ee0f,2026-08-31T08:38:05.487Z
590bcd2f50c4b43b68c86e57,嗨皮小青龙,608287398,辽宁,辽宁,辽宁大连,,,,,ok,https://www.xiaohongshu.com/user/profile/590bcd2f50c4b43b68c86e57?xsec_token=YBvWOtrObq974OSxolGzgs8-8YCYxs_7SBvcM3j-JuNr4=&xsec_source=app_share&xhsshare=CopyLink&shareRedId=OD1HRjk7Ojw2NzUyOTgwNjZIOThIPEk-&apptime=1787718885&share_id=96db106cfc9c40269c3b8ff18372f5c8,2026-08-31T08:38:07.992Z
590c891a6a6a69494510e8ca,A的小朱莉吖,428014714,山东,山东,处女座|冰岛,,,,,ok,https://www.xiaohongshu.com/user/profile/590c891a6a6a69494510e8ca?xsec_token=YBUlXvlf49LU_Y7Ak21UeVANoZ-ON4QOvep4yIP3LQo20=&xsec_source=app_share&xhsshare=CopyLink&shareRedId=OD9IMDhGRU82NzUyOTgwNjY1OTc2PTY6&apptime=1787681683&share_id=a255b4e764a942e98d71acdce47ebd6c,2026-08-31T08:38:08.839Z
5915bfd05e87e730fcd7b218,诚诚仔生活日记,952819893,广东,广东,30岁|广东深圳,,,,,ok,https://www.xiaohongshu.com/user/profile/5915bfd05e87e730fcd7b218?xsec_token=YBwMh9xjvz-GBm3L6lUpskUyDi2G9Ss8v3fTsWpSMroCo=&xsec_source=app_share&xhsshare=CopyLink&shareRedId=Nz8zNUVLSDk7TD05Tj8zNkxGTT5GNzdB&apptime=1787763288&share_id=40c9176776544d829b77a6dca290dc6f,2026-08-31T08:38:09.947Z
5921493a82ec397695a56bcb,小奶油（辅食）,2076814509l,贵州,贵州,,,,,,ok,https://www.xiaohongshu.com/user/profile/5921493a82ec397695a56bcb?xsec_token=YB99q0KOOaHtS642N5MWrdDlKLfM27_QnIHrps1j8cuho=&xsec_source=app_share&xhsshare=CopyLink&shareRedId=Nz80MTc-N0o-OUpFPEE3PD84Sjw6R0lL&apptime=1786080184&share_id=44a7032248dd4c4fba634039c5033707,2026-08-31T08:38:12.658Z
592ac2996a6a6946087180fe,一口小酒酒,952297557,浙江,浙江,,,,,,ok,https://www.xiaohongshu.com/user/profile/592ac2996a6a6946087180fe?xsec_token=YBJGNzlY75R5pfN7JhUyet7TqOFjx7FNCz_PMauq8nWS4=&xsec_source=app_share&xhsshare=CopyLink&shareRedId=Nz80QUY3PUI8SDtDP0E0PDY7QDg8NUxO&apptime=1787739454&share_id=dc70c09eb90743e8be0bafcb415532f6,2026-08-31T08:38:15.500Z
593103675e87e7532b9e45c7,一只阿静,114308370,江西,江西,,,,,,ok,https://www.xiaohongshu.com/user/profile/593103675e87e7532b9e45c7?xsec_token=YBQY9yb4-GmkmoWnj7X5rcqdIBvvD0f7fnXLIZubNF8_0=&xsec_source=app_share&xhsshare=CopyLink&shareRedId=Nz81MTM4OkA7TD05Tj81OThFQkw4OklA&apptime=1786090982&share_id=66d365556ae846ef9ec7479187b7eb83,2026-08-31T08:38:16.137Z
592baac150c4b40b5d5a7284,Tomoyo（孕晚期）,xiaoxianyu164,广东,广东,|广东深圳|母婴博主,,,,,ok,https://www.xiaohongshu.com/user/profile/592baac150c4b40b5d5a7284?xhsshare=CopyLink&appuid=592baac150c4b40b5d5a7284&apptime=1669988527,2026-08-31T08:38:16.025Z
593423356a6a690e24b26eba,yue,resouqaq,黑龙江,黑龙江,,,,,,ok,https://www.xiaohongshu.com/user/profile/593423356a6a690e24b26eba?xsec_token=YBoJdUVurfmv8aGZ6kB9ISEa7n2RiNcAz1NclGDQWutt4=&xsec_source=app_share&xhsshare=CopyLink&shareRedId=Nz81NDU4Nz48SDtDP0EwSzg3Szk6SkhK&apptime=1787652054&share_id=e697c91a936c4e6f8d70462ba8bbb439,2026-08-31T08:38:19.530Z
5940cbe84f8fd60208f25072,JiaJia也是夹夹,113617621,天津,天津,|母婴博主,,,,,ok,https://www.xiaohongshu.com/user/profile/5940cbe84f8fd60208f25072?xsec_token=YBDEISEpnyfgpndJJ9rW4ssq04aK_JfXwGwQR5ykHxieE=&xsec_source=app_share&xhsshare=CopyLink&shareRedId=Nz82MEZHSUE6TT1ITT4wODY7Tzk5NT07&apptime=1775796804&share_id=57e252c8ed83409e897954fd6777b6c6,2026-08-31T08:38:22.470Z
59455bd06a6a696fc4630dfb,小红薯89241F25,269252354,广东,广东,29岁|广东惠州,,,,,ok,https://www.xiaohongshu.com/user/profile/59455bd06a6a696fc4630dfb?xsec_token=YBH1rrW5r3uQqCCZfgMY6_RWBZLuEsos3KxMloQEtiUQ0=&xsec_source=app_share&xhsshare=CopyLink&shareRedId=Nz82NThHSDk8SDtDP0E2TEk3Pzo0SUxL&apptime=1787664072&share_id=12902efb3ed5438784a7850d717b042b,2026-08-31T08:38:22.879Z
59643b776a6a697fdf4758b9,angel维儿,113322196,云南,云南,,,,,,ok,https://www.xiaohongshu.com/user/profile/59643b776a6a697fdf4758b9?xsec_token=YBucefxdNr3RTEF4rbH5bV1xBT22Y-WkBhSRpCwNb_Yrk=&xsec_source=app_share&xhsshare=CopyLink&shareRedId=Nz84NDZHO0A8SDtDP0E3TEpJPT45PUhC&apptime=1787728521&share_id=771855f9c5f24769a81832afffa985d8,2026-08-31T08:38:22.895Z
596c161a82ec3957f5d47900,混血感乔治崽,hudada520,江西,江西,,,,,,ok,https://www.xiaohongshu.com/user/profile/596c161a82ec3957f5d47900?xsec_token=YBqLwcngJHHN-ImdBVWk62I_sx0KntWjecKQmyk-KW_oY%3D&xsec_source=app_share&xhsshare=CopyLink&shareRedId=Nz84QzQ7NUo-OUpFPEE1PUw4TTs7PjY5&apptime=1762496502&share_id=9763ecd192de4c94b5fcdb0497256fab&share_channel=copy_link,2026-08-31T08:38:27.089Z
596f8d7082ec3905b7666c84,一树叶🍃（小月龄）,weiwei_YE,广东,广东,38岁|中国,,,,,ok,https://www.xiaohongshu.com/user/profile/596f8d7082ec3905b7666c84?xsec_token=YBiO8TPQo702D2g5whGIEzl7BA6niYtwwJIFJq2iDy-l8=&xsec_source=app_share&xhsshare=CopyLink&shareRedId=Nz84RjtJOzk-OUpFPEEwO0g6Pz06SD49&apptime=1787782673&share_id=7761a90fd5fd4b7b9f73658ad0f7f313,2026-08-31T08:38:29.340Z
597605975e87e7417a45fcf5,是张七七呀（吃辅食版）,260895795,上海,上海,29岁|上海徐汇|华东理工大学,,,,,ok,https://www.xiaohongshu.com/user/profile/597605975e87e7417a45fcf5?xsec_token=YB5A4ww4J2c7XCLcAxOJMGEN3mjRjaGns3o2WP19N7-0A=&xsec_source=app_share&xhsshare=CopyLink&shareRedId=Nz85NjM6PUA7TD05Tj80Nz1EPTxKSEw-&apptime=1787665594&share_id=8db24415567e4ef3ae061448a33f4654,2026-08-31T08:38:30.441Z
597869186f02d67f10432f9d,小满胜万全,260303249,北京,北京,|北京丰台,,,,,ok,https://www.xiaohongshu.com/user/profile/597869186f02d67f10432f9d?xsec_token=YBaD0XqCtxHpNeIjtlC0ZpG7jhRD1S_ZPcGBd-r6YbH2s%3D&xsec_source=app_share&shareRedId=N0g3NzVLPEw6TEZFSkoyOzs8TTc8SklA&apptime=1781669634&share_id=4d4d937e17fb4ddca9fc0baac47b2456&share_channel=copy_link&appuid=5b572f8c4eacab2559d08ec7&xhsshare=CopyLink,2026-08-31T08:38:30.608Z
597dbedf5e87e755ac15db5c,小小暄～,956227869,广东,广东,,,,,,ok,https://www.xiaohongshu.com/user/profile/597dbedf5e87e755ac15db5c?xsec_token=YBwbyhmFaLaKpoFBpNohTJMvfiy15AflyBGC1gn6tEVLE=&xsec_source=app_share&xhsshare=CopyLink&shareRedId=Nz85REVKSE87TD05Tj81O0dGOjxIRztM&apptime=1787753341&share_id=47b9ff28027b485bad8b2221becfc3d8,2026-08-31T08:38:34.319Z
5987ec38db2e6027603d29af,虾仔乖乖,638091863,广东,广东,,,,,,ok,https://www.xiaohongshu.com/user/profile/5987ec38db2e6027603d29af?xsec_token=YBfOkHSfSFAeKA9mYmyJzSAaelBhAgdA6cjf9WFkM_J-k%3D&xsec_source=app_share&shareRedId=OD1DRjc7OkI2NzUyOTgwNjY5OThKPT5A&apptime=1787721401&share_id=5c072738d23047c6a95f4ff6911cd975&share_channel=copy_link&appuid=67af4669000000000601f887&xhsshare=CopyLink,2026-08-31T08:38:35.382Z
5996fd0750c4b422e5a4fc4b,一只小条条,950713945,湖南,湖南,30岁|湖南长沙,,,,,ok,https://www.xiaohongshu.com/user/profile/5996fd0750c4b422e5a4fc4b?xsec_token=YB7idyoM4iGDuGdX_RwCYcEVo2axKTEuIyqgfOO3wFzbY=&xsec_source=app_share&xhsshare=CopyLink&shareRedId=Nz87NklJNEA7N0g2SzwyOEs4SjtKSDpL&apptime=1787794744&share_id=7c307361be344efeace38629aa83f147,2026-08-31T08:38:38.531Z
59915d9f50c4b4746cbe143b,那咋了（双胎👧👶）,ty02121022,云南,云南,|云南昆明,,,,,ok,https://www.xiaohongshu.com/user/profile/59915d9f50c4b4746cbe143b?xsec_token=YB5XgEcPN5ZFcflKl84zFGEOuyciAY7GULkJGBRkK-cg4=&xsec_source=app_share&xhsshare=CopyLink&shareRedId=Nz87MThJPU87N0g2Szw3OjxGS0w1OTlL&apptime=1787669936&share_id=a151db5323544797acab987304329552,2026-08-31T08:38:38.464Z
599d1a9b6a6a69742f18ee18,小美,261890925,山西,山西,|山西朔州,,,,,ok,https://www.xiaohongshu.com/user/profile/599d1a9b6a6a69742f18ee18?xsec_token=YB1liN1FgZt3fDegimnmi5cex_GuJVTZLRFPe7zvYLe5M=&xsec_source=app_share&xhsshare=CopyLink&shareRedId=Nz87RDRGPUs8SDtDP0E3OjhJOj9JSjdB&apptime=1787665668&share_id=a9488f669982405c9c80834f1d55eeda,2026-08-31T08:38:42.775Z
599d9f3d5e87e771a75a6c3d,骐哥儿,115398435,北京,北京,29岁|北京丰台|教育博主|母婴博主,,,,,ok,https://www.xiaohongshu.com/user/profile/599d9f3d5e87e771a75a6c3d?xsec_token=YB7dBN-Di9Ydi_cDELRlMwMGwCVZ6KZ-O2lIhjlddTjkY=&xsec_source=app_share&&apptime=1787647051&shareRedId=Nz87RDxLN007TD05Tj83N0c6Pkg6SDlN&share_id=286b9de19e6d4b88b7fbedb16d8f7544&xhsshare=CopyLink,2026-08-31T08:38:42.886Z
599f782fb1da146378339f5d,一颗红豆豆,185224217,内蒙古,内蒙古,30岁|时尚博主,,,,,ok,https://www.xiaohongshu.com/user/profile/599f782fb1da146378339f5d?xsec_token=YBOW_9c3DNOZyapYBIFITc7G9fcDxwMj2S4MnzILPlpwM=&xsec_source=app_share&xhsshare=CopyLink&shareRedId=Nz87Rjo9Nk9IOElDOjw2OT07PDo9SztN&apptime=1787712753&share_id=d939dd727d4e45398150e4fcb0707baa,2026-08-31T08:38:45.659Z
59b92bb082ec3940951b515d,小胖丁家有俩宝,944192325,广东,广东,|广东广州,,,,,ok,https://www.xiaohongshu.com/user/profile/59b92bb082ec3940951b515d?xsec_token=YBng9LmttqCr8U8y7XD31KY4A5nH-HjrfWm_r8QRfQ6j4%3D&xsec_source=app_share&shareRedId=Nz9EOTVHRjk-OUpFPEE0Nj84Okk5NjtN&apptime=1786270405&share_id=7fe1f75c8823472e80387862ad92c1bc&share_channel=copy_link&appuid=59b92bb082ec3940951b515d&xhsshare=CopyLink,2026-08-31T08:38:46.511Z
59be9d885e87e7695665ca70,CoCo宝,267055390,广东,广东,30岁,,,,,ok,https://www.xiaohongshu.com/user/profile/59be9d885e87e7695665ca70?xsec_token=YBcBu6nflvSEIQ0eYdUDu9O9eHZo3MtZ0FXetE9UBDG3E=&xsec_source=app_share&xhsshare=CopyLink&shareRedId=Nz9ERTxJPEE7TD05Tj82Pzs5PzxHRj05&apptime=1785069678&share_id=1f2d56dd03d7427f8deb059fdbfb658d,2026-08-31T08:38:48.938Z
59c2212e51783a0cb058ac93,YC有財_,267506993,北京,北京,31岁|河北石家庄,,,,,ok,https://www.xiaohongshu.com/user/profile/59c2212e51783a0cb058ac93?xsec_token=YBulwwrVaU5wgeMHqrsGsAEg8U51_zYlMzGSyS17KFQdc=&xsec_source=app_share&xhsshare=CopyLink&shareRedId=Nz9FMjU2Nk47ODw6PEkwSUgzPj9FSD88&apptime=1786617968&share_id=f369b5ae8cfb45888cdadb273aa9de8d,2026-08-31T08:38:49.068Z
59c3b2b344363b3b6309fa9b,小天使👼,115723733,陕西,陕西,30岁,,,,,ok,https://www.xiaohongshu.com/user/profile/59c3b2b344363b3b6309fa9b?xsec_token=YB3Iri6o_ou9Splq_nUD-CxMfTGQRv2bGcmUBK5n0JkgY=&xsec_source=app_share&xhsshare=CopyLink&shareRedId=N0lGMTc2NDw2NzUyOTgwNjczOTlKPD9A&apptime=1786098667&share_id=67b058ae54734dbea49440f7b8b590d8,2026-08-31T08:38:53.611Z
59cc88e344363b3abb6011ca,年nian,638205987,江苏,江苏,射手座,,,,,ok,https://www.xiaohongshu.com/user/profile/59cc88e344363b3abb6011ca?xsec_token=YB-ENXTMu9IGh8CA3Vi8-INTAI-u3wwUcH1zjS7oEeA6g=&xsec_source=app_share&xhsshare=CopyLink&shareRedId=Nz9FQzs9STw6Ozg4PEozR0hFPzc1NklK&apptime=1787669642&share_id=31dd1c644cd946efbd2edef3c13109b3,2026-08-31T08:38:54.129Z
59d6437451783a60a2a1cfe9,苏苏福福（孕期）,638549846,河南,河南,27岁|河南许昌,,,,,ok,https://www.xiaohongshu.com/user/profile/59d6437451783a60a2a1cfe9?xsec_token=YBEvU2GVOYoYTPm7rXchHwQqLrX8lBtzR_qtZ_5FcA1Wo=&xsec_source=app_share&xhsshare=CopyLink&shareRedId=Nz9GNjc4Oz07ODw6PEk2Nkc1SjhHS0tC&apptime=1787724840&share_id=28afea01e1384e88881f97bab2921795,2026-08-31T08:38:56.009Z
59d79953de5fb473accd9daf,可乐兄弟,953975326,山西,山西,,,,,,ok,https://www.xiaohongshu.com/user/profile/59d79953de5fb473accd9daf?xsec_token=YBjspbiIL4DMnAGfHasrICN-HIRAGJYP58BdCEWrcYTpY=&xsec_source=app_share&xhsshare=CopyLink&shareRedId=Nz9GNzw-OTxKTDpISzw3OUdGTEs9SUdP&apptime=1787715594&share_id=79e5492fc98f45cb861e52b04cb0bfa8,2026-08-31T08:38:56.766Z
59d8800920e88f1c88a3c33a,我家小可爱,953930864,山东,山东,,,,,,ok,https://www.xiaohongshu.com/user/profile/59d8800920e88f1c88a3c33a?xsec_token=YBl5zNOeMBN8nChF-mG9l36OgdHeAkpYyoH7SQNBpvHzU=&xsec_source=app_share&xhsshare=CopyLink&shareRedId=Nz9GODs1NEI4N0o6QU4xST47SjpHODlK&apptime=1787752076&share_id=0a9a4d4aba234760b8772b1dd36aa3b9,2026-08-31T08:39:01.204Z
59db9cc76eea883521f50bbc,绚绚同学,638851650,广东,广东,31岁,,,,,ok,https://www.xiaohongshu.com/user/profile/59db9cc76eea883521f50bbc?xsec_token=YBjX4NQWNn8iVy_JhxKkyGlgYtL366fsvlFSDmWmznmK0=&xsec_source=app_share&xhsshare=CopyLink&shareRedId=Nz9GQjxIR0A8TEpDQUAzOzg0Tzw0R0hM&apptime=1787723804&share_id=1bd81efcdc4a4d33a3bed5b074bf32c3,2026-08-31T08:39:01.915Z
59de3a9c51783a683e3e72a3,火山妹妹,20201006jh,江苏,江苏,32岁,,,,,ok,https://www.xiaohongshu.com/user/profile/59de3a9c51783a683e3e72a3?xsec_token=YBFZWEkM2mWISdwc1l4VcwN99q3HI40s-waV40zQKnZCc%3D&xsec_source=app_share&shareRedId=Nz9GRTZGPUw7ODw6PEk2PjlIPEw7N0c8&apptime=1786091094&share_id=a46efec8447f49879f44982dc1d39261&share_channel=copy_link&appuid=59de3a9c51783a683e3e72a3&xhsshare=CopyLink,2026-08-31T08:39:01.977Z
59df512451783a52a4a5ef75,荔枝汁✨,950540935,安徽,安徽,,,,,,ok,https://www.xiaohongshu.com/user/profile/59df512451783a52a4a5ef75?xsec_token=YBRIQtFlJ6kLbXNglKEoiwm9UZZelmTZDUohq_IarbbsU=&xsec_source=app_share&xhsshare=CopyLink&shareRedId=Nz9GRjg2Nj07ODw6PEk1OEc3SjxJSz0-&apptime=1787732568&share_id=1dfa5a4d80124ea4b38c8ec90abb2ce6,2026-08-31T08:39:03.631Z
59e0f32a20e88f3ab3ca5cc5,蟹蟹妈咪吃不胖,950363993,广东,广东,27岁,,,,,ok,https://www.xiaohongshu.com/user/profile/59e0f32a20e88f3ab3ca5cc5?xsec_token=YBWrqGd5kB5QeThQgFF7NadPJYm71iDmF8M9eZNgEMm_s=&xsec_source=app_share&xhsshare=CopyLink&shareRedId=Nz9HMEk4Nko4N0o6QU4zR0g2TEg5SEk-&apptime=1787706903&share_id=23f4dbf3e2734777b2a53adf629c8439,2026-08-31T08:39:08.110Z
59e36395f1fa1742bfcfd4ff,远冬,yycfyls,江苏,江苏,射手座,,,,,ok,https://www.xiaohongshu.com/user/profile/59e36395f1fa1742bfcfd4ff?xsec_token=YBOe21ohxwMIobHacDXpmiDCOAmCNliCf-B3Dp4EDLC-0=&xsec_source=app_share&xhsshare=CopyLink&shareRedId=Nz9HMzk4PT5MOEtDOj80OEhJTE1IOUxP&apptime=1786079913&share_id=bac599d39c00435f83daaa0f5f063bea,2026-08-31T08:39:08.680Z
59e5ac804eacab0c0191d062,是小灵芝呀,274217388,浙江,浙江,|浙江宁波,,,,,ok,https://www.xiaohongshu.com/user/profile/59e5ac804eacab0c0191d062?xsec_token=YB4LkGaqgtxM6vEscdoc4k6SvcCXlpnEiI1Ns4bOZRivc%3D&xsec_source=app_share&shareRedId=Nz9HNURIPDk6TEZFSkowSTY0QjhINTw7&apptime=1778803573&share_id=689f59aaa4ef45339ad53f9a6bc58fd0&share_channel=copy_link&appuid=59e5ac804eacab0c0191d062&xhsshare=CopyLink,2026-08-31T08:39:09.445Z
59eb4ea54eacab4b404e556d,Xy,268057745,广东,广东,|广东惠州,,,,,ok,https://www.xiaohongshu.com/user/profile/59eb4ea54eacab4b404e556d?xsec_token=YBb119XKZJPeOeQHFYfjj44214n-pQXBy_ql4A034UUDU=&xsec_source=app_share&xhsshare=CopyLink&shareRedId=Nz9HQjdKRT46TEZFSko0SDozPUw5OjxN&apptime=1787668466&share_id=76637a8bddf2412abc1d6722fa11b360,2026-08-31T08:39:12.285Z
59f5acc211be107afc2eacf8,Lucky兮💕,496290656,浙江,浙江,27岁,,,,,ok,https://www.xiaohongshu.com/user/profile/59f5acc211be107afc2eacf8?xsec_token=YBQkfQS0NruU3b8AjwAzkFggo9Nnq6vBBSw52inFhgLTo=&xsec_source=app_share&xhsshare=CopyLink&shareRedId=Nz9INURIRzs3OEdHOjg3R0xGO0xFSExB&apptime=1786079485&share_id=b869db187e9d4c03976d213ff7382696,2026-08-31T08:39:13.525Z
59f95fb94eacab704fd47f58,合格铲屎官,943828189,天津,天津,29岁|中国,,,,,ok,https://www.xiaohongshu.com/user/profile/59f95fb94eacab704fd47f58?xsec_token=YBawwvPmOLjuRwTwjgWo857tByP9h6SDFycrYOvh4_fLU=&xsec_source=app_share&xhsshare=CopyLink&shareRedId=Nz9IOThLRkI6TEZFSko3NjpJTTs7SztB&apptime=1787725165&share_id=a6f2110fe2c040549fb0048f733ece20,2026-08-31T08:39:14.914Z
5a01185b4eacab1b63b733b7,差不多阿菌,189764444,广东,广东,处女座|中国,,,,,ok,https://www.xiaohongshu.com/user/profile/5a01185b4eacab1b63b733b7?xsec_token=YBYqO6Gr_RzK0PmP3gCUc0HHkRv2auNYsokshc-QyNeVA=&xsec_source=app_share&xhsshare=CopyLink&shareRedId=N0cyMTQ9OUs6TEZFSkoxSDw2Sz43OEhA&apptime=1787708080&share_id=e364900cfd6746b6b29f1562edf1bb8c,2026-08-31T08:39:18.146Z
5a066cd8b1da144b77adc07d,木由子的日记,184409672,广东,广东,|广东深圳,,,,,ok,https://www.xiaohongshu.com/user/profile/5a066cd8b1da144b77adc07d?xsec_token=YB4hBc1wPnrckOqHuM5-F6BOpPjCe3vJucOzbC95NacvI=&xsec_source=app_share&xhsshare=CopyLink&shareRedId=N0cyNjlISEFIOElDOjw0SD06SktHNT1N&apptime=1787634658&share_id=ba6ad8cdfeec44aca28840bcb6f0bca0,2026-08-31T08:39:18.797Z
5a86e431e8ac2b5d60f5d309,瘦了记得叫我干饭,277579272,浙江,浙江,,,,,,ok,https://www.xiaohongshu.com/user/profile/5a86e431e8ac2b5d60f5d309?xsec_token=YBXg-YLidCiQm29PXw_f6BhAoSLM_1vn92TcUGy0hSPxk=&xsec_source=app_share&xhsshare=CopyLink&shareRedId=N0c6Nkg5NzpLP0ZFO0o1SjwzTzxIODZC&apptime=1787644482&share_id=867840c5276a469dac079d000e73b896,2026-08-31T08:40:20.482Z
5a1186dd4eacab29a5197697,高兴麻麻（Nino）,497915028,河南,河南,巨蟹座,61,314,905,314,ok,https://www.xiaohongshu.com/user/profile/5a1186dd4eacab29a5197697?xsec_token=YBraNOwS8W0QApW8-T2L5ProGTRtXQfpCNhsYA2cWdrjU=&xsec_source=app_share&xhsshare=CopyLink&shareRedId=N0czMTs7SE06TEZFSkoyP0c4OkA7Oz9A&apptime=1787707945&share_id=e95197fecdfa4a5a874a4878472f7c52,2026-08-31T09:02:25.932Z
5a13225c4eacab57c5d9f7f8,果派进行时,955762203,山西,山西,白羊座|母婴博主,5,1710,4877,1710,ok,https://www.xiaohongshu.com/user/profile/5a13225c4eacab57c5d9f7f8?xsec_token=YB-nhVEpc6JGzUuPtsN3CiRgWF-EvH38oR4a1ZoOEP-io%3D&xsec_source=app_share&shareRedId=N0czMzU3OUw6TEZFSko1PUk4TUBKPExB&apptime=1785898898&share_id=6bea34b7610b431a877caa9911deea0a&share_channel=copy_link&appuid=5a13225c4eacab57c5d9f7f8&xhsshare=CopyLink,2026-08-31T09:02:25.932Z
5a1523ee4eacab2cd6a79677,是翊翊呀,268267595,湖北,湖北,|湖北武汉,95,133,254,133,ok,https://www.xiaohongshu.com/user/profile/5a1523ee4eacab2cd6a79677?xsec_token=YBjcZ5AgpkkHzthwjQU7iIx3sowekXBwGo2OVHgqS0HRA=&xsec_source=app_share&xhsshare=CopyLink&shareRedId=N0czNTU4SU46TEZFSkoySUo5Sj49Oz1A&apptime=1787760557&share_id=830e716eb0af4162a3b47d51e84c618f,2026-08-31T09:02:51.447Z
5a1845eb4eacab28f1888e7d,是嘻嘻丫,261997766,天津,天津,|中国,120,324,3859,324,ok,https://www.xiaohongshu.com/user/profile/5a1845eb4eacab28f1888e7d?xsec_token=YBS4nh-G3NkVkLO_TVozOqQHEllNgKWNOCwA-648zq1xk=&xsec_source=app_share&xhsshare=CopyLink&shareRedId=N0czODc6SUs6TEZFSkoyPkw0QT88Sj1N&apptime=1780215368&share_id=e4ab12d6642a4903b4ce2bee12c13db2,2026-08-31T09:02:53.815Z
5a2171ea4eacab0cc8dbd690,Mandy,497307107,江苏,江苏,33岁,193,127,932,127,ok,https://www.xiaohongshu.com/user/profile/5a2171ea4eacab0cc8dbd690?xsec_token=YBHzSuTYru_BrjgcxrXd6saqr7Pokihkeya2JpFyMx3ZI=&xsec_source=app_share&xhsshare=CopyLink&shareRedId=N0c0MTo2SUo6TEZFSkowSUk7TUlIOz85&apptime=1787671700&share_id=8fc69edb609c4ec2889e0c53d5daa8f8,2026-08-31T09:02:58.196Z
5a26c5cce8ac2b7c2c32da3e,胡不予以,zzhai006,湖南,湖南,天秤座|奥地利布尔根...,297,489,1830,489,ok,https://www.xiaohongshu.com/user/profile/5a26c5cce8ac2b7c2c32da3e?xsec_token=YB_DWAdxHhrLT8bhIADlncSenW_K09CAjYsfDHnu0C75M=&xsec_source=app_share&xhsshare=CopyLink&shareRedId=OEc4NDlGRj02NzUyOTgwNjc2OTk1NTY5&apptime=1787726235&share_id=f2b7e2756ede4556ae7a4b22ef46cafe,2026-08-31T09:05:13.366Z
5a37696a11be104a0c84723d,叉烧包不要叉烧,264260490,广东,广东,29岁,44,760,2.7万,760,ok,https://www.xiaohongshu.com/user/profile/5a37696a11be104a0c84723d?xsec_token=YBxAUNPpK8gyPvT1vsP2_1ccAqbV_hJstQp-0B5-Mt3mg%3D&xsec_source=app_share&shareRedId=N0c1Nzk-Oko3OEdHOjg0RzZGQTs7NzlN&apptime=1786088941&share_id=f57552b9d1c14251a63aef04eaf9465a&share_channel=copy_link&appuid=5a37696a11be104a0c84723d&xhsshare=CopyLink,2026-08-31T09:05:13.367Z
5a3722ea4eacab0d3461df46,瑶瑶日记📔,951109076,江苏,江苏,30岁|江苏南京|母婴博主,513,232,753,232,ok,https://www.xiaohongshu.com/user/profile/5a3722ea4eacab0d3461df46?xsec_token=YBfQtXCqU9HLBFkxC0lQKVoeaoHjRTG1s_nDCUabMEJBM=&xsec_source=app_share&xhsshare=CopyLink&shareRedId=N0c1NzU3SUo6TEZFSkowSjk3PzhISzo_&apptime=1781753883&share_id=9b85f499dd274756a0ec79d20501aafe,2026-08-31T09:05:13.366Z
5a3bb8454eacab1babeda3c6,江西省最后的温柔,272747097,江西,江西,双子座|江西南昌,142,213,749,213,ok,https://www.xiaohongshu.com/user/profile/5a3bb8454eacab1babeda3c6?xsec_token=YBdZngh6QA71QWMFwTJtGtphe3IJi6VLXE6LQaf0rZ3eE=&xsec_source=app_share&xhsshare=CopyLink&shareRedId=N0c1QkU9OD46TEZFSkoxSEdFTktFOEk_&apptime=1787670674&share_id=f98d08c7c5d3449a9afd2bc7b89e0ea6,2026-08-31T09:05:40.718Z
5a3e393911be103cc67f5501,玥儿弯弯（孕中期）,186304225,江西,江西,28岁,84,1180,9217,1180,ok,https://www.xiaohongshu.com/user/profile/5a3e393911be103cc67f5501?xsec_token=YBPXsikrjo8q7NjhgpARRsBBajat9nMPXv9XYJLHIuB44=&xsec_source=app_share&xhsshare=CopyLink&shareRedId=N0c1RTY-N0I3OEdHOjgzSUk5QE05OjY6&apptime=1780540657&share_id=fbffc2dc0503429b8cbb197b1162d939,2026-08-31T09:05:41.453Z
5a41b6394eacab52239bde2a,维尼噗噗 pupu,951174407,陕西,陕西,双鱼座|陕西西安,679,232,1146,232,ok,https://www.xiaohongshu.com/user/profile/5a41b6394eacab52239bde2a?xsec_token=YBQFbglWUVEg6WVq-pVTKa0Yd04qBbNs9WgeOJVBdEIbE%3D&xsec_source=app_share&shareRedId=N0c2MUU7N0I6TEZFSko1ODg2QklISjhK&apptime=1787638978&share_id=9e9ed3a26787418aab7f4bf1571c4902&share_channel=copy_link&appuid=5a41b6394eacab52239bde2a&xhsshare=CopyLink,2026-08-31T09:05:41.787Z
5a5429d14eacab7e4c57ea80,九阿哥的日常,186216022,广东,广东,|母婴博主|江西财经大学,1006,1274,7576,1274,ok,https://www.xiaohongshu.com/user/profile/5a5429d14eacab7e4c57ea80?xsec_token=YBYNmTn3Mwjn0IP28FoUGbzHwPxhK7To9TUpGsQTOA7sA%3D&xsec_source=app_share&shareRedId=N0c3NDU-SDo6TEZFSko3SzpGPj5JRj45&apptime=1787671683&share_id=9eea8e06911140209c1ffadab9a79533&share_channel=copy_link&appuid=5a5429d14eacab7e4c57ea80&xhsshare=CopyLink,2026-08-31T09:05:47.021Z
5a61a98c11be1019a0c47072,冉冉冉llc,186156521,江西,江西,,524,189,1387,189,ok,https://www.xiaohongshu.com/user/profile/5a61a98c11be1019a0c47072?xsec_token=YBPaJKsPXMNDYnD-ToqTQP5ih0L3TMsd7n_h3ZGv_3OFE%3D&xsec_source=app_share&shareRedId=N0c4MUQ-PEw3OEdHOjgxP0czTDs7NT07&apptime=1787632439&share_id=919735fbe18c4f719d978a0968bde3ee&share_channel=copy_link&appuid=5a61a98c11be1019a0c47072&xhsshare=CopyLink,2026-08-31T09:05:48.760Z
5a69415911be1054ff0f5dce,艺珍来了🌟,Z_Zyz_999,浙江,浙江,,315,2581,2.5万,2581,ok,https://www.xiaohongshu.com/user/profile/5a69415911be1054ff0f5dce?xsec_token=YBl7pwSveyswL5ZknJ9yzt0bEVb8-sIMVULaIQgYB1Y7o=&xsec_source=app_share&xhsshare=CopyLink&shareRedId=ODdFMUQ1Rj02NzUyOTgwNjg0OTk7SUo6&apptime=1787718272&share_id=851cd7f8fbd044c58b2685b56e449f29,2026-08-31T09:05:50.419Z
5a7111e04eacab128bbd2470,Lily呀,186459817,山东,山东,,619,714,3264,714,ok,https://www.xiaohongshu.com/user/profile/5a7111e04eacab128bbd2470?xsec_token=YBvekT8zBUM4lrJWcG8EGTbGzVqnZKk7XduD6cG00Qfl0=&xsec_source=app_share&xhsshare=CopyLink&shareRedId=N0c5MTQ2STk6TEZFSkoxOD5FS0s2OT05&apptime=1787753875&share_id=00f7f78d051841ecb62e1b2aff1a567f,2026-08-31T09:05:54.213Z
5a825d2711be10584e5626dc,小小,277501506,江苏,江苏,,399,63,234,63,ok,https://www.xiaohongshu.com/user/profile/5a825d2711be10584e5626dc?xsec_token=YBv-mqGGVQ4F1DUyrtOi_kOgF90XTSjQ1gF_o8hzGubcY%3D&xsec_source=app_share&shareRedId=N0c6MjhJNkA3OEdHOjg1PjpIPj02O0pM&apptime=1787669051&share_id=a898276ddafa472aadc0c59accabf33c&share_channel=copy_link&appuid=5a825d2711be10584e5626dc&xhsshare=CopyLink,2026-08-31T09:06:34.508Z
5a8a01fe4eacab5b786644de,Vv,499046657,广东,广东,|广东广州,718,1185,5195,1185,ok,https://www.xiaohongshu.com/user/profile/5a8a01fe4eacab5b786644de?xsec_token=YBgIqXNKRkwY2uoIWUZ9_8EROSU3rSDRRiN56ZZ2mm9sM%3D&xsec_source=app_share&shareRedId=N0c6QTM2Sk46TEZFSko1SD07Pz04OUpO&apptime=1780886741&share_id=59cc427ed52b416ca390dc1eec5c3dc4&share_channel=copy_link&appuid=5a8a01fe4eacab5b786644de&xhsshare=CopyLink,2026-08-31T09:06:34.509Z
5a8a600eb1da143a73a96259,nunu的日记本📖,423903240,浙江,浙江,,80,314,910,314,ok,https://www.xiaohongshu.com/user/profile/5a8a600eb1da143a73a96259?xsec_token=YBVfLGZuu9mWKtLxu-av7Z3FaQpZL2fUUyjqeaYwVuEwk%3D&xsec_source=app_share&shareRedId=N0c6QTk1NE5IOElDOjwzRz02SkA6NztC&apptime=1787723177&share_id=51edd16e9351455ca0d90b3b683a8ebf&share_channel=copy_link&appuid=5a8a600eb1da143a73a96259&xhsshare=CopyLink,2026-08-31T09:06:34.509Z
5a72c440e8ac2b71db83cd1a,奶糖温柔,499349957,山东,山东,27岁,52,4050,4877,4050,ok,https://www.xiaohongshu.com/user/profile/5a72c440e8ac2b71db83cd1a?xsec_token=YBEF9_7ntxnrL-WhS4UaXIA9ISeV4DkJJqV7RhNanFe8E=&xsec_source=app_share&xhsshare=CopyLink&shareRedId=N0g4ODc8OE48STo6Sz8zOUpJPDpGOkdO&apptime=1787749404&share_id=defff6ea06c648469c3325c22c417809,2026-08-31T09:06:34.507Z
5a8bedd3e8ac2b4d1a893d3b,小乐少爷🐱🐱🐱🐱,958209462,湖北,湖北,25岁|中国,393,144,607,144,ok,https://www.xiaohongshu.com/user/profile/5a8bedd3e8ac2b4d1a893d3b?xsec_token=YB11nApzJEGWyLhw3KSoOlU-kc_kg9UWnEeoGc71kLfHs%3D&xsec_source=app_share&shareRedId=N0c6QkhJSDxLP0ZFO0o0SjdEQUA3STlL&apptime=1787651170&share_id=cf4ca9bcf57f4609b332596ce6ea44b3&share_channel=copy_link&appuid=5a8bedd3e8ac2b4d1a893d3b&xhsshare=CopyLink,2026-08-31T09:07:46.953Z
5a8c1f9e11be105e633b14de,元元元宝呀～,264676048,云南,云南,29岁|云南昆明,15,1212,2396,1212,ok,https://www.xiaohongshu.com/user/profile/5a8c1f9e11be105e633b14de?xsec_token=YBJNwkre-q4Vs9h8hJ6AXDC2ZvhbRXaS07vSshmE9HN4E=&xsec_source=app_share&xhsshare=CopyLink&shareRedId=ODc0M0VKNz82NzUyOTgwNjY0OTc6RklM&apptime=1787723505&share_id=d2f73650edb44119afa59ff582f08253,2026-08-31T09:07:47.197Z
5a92517711be104b6399fde4,博博麻麻,958534920,浙江,浙江,28岁|浙江温州,194,1517,1.7万,1517,ok,https://www.xiaohongshu.com/user/profile/5a92517711be104b6399fde4?xsec_token=YBHZCLUhICL2wXeeUtSiCFApWeMCDmzNaBnRbUww-sKwY%3D&xsec_source=app_share&shareRedId=ODszNDdKSTw2NzUyOTgwNjg3OTg7OjpM&apptime=1787722823&share_id=8afac6415ecf4491a0c510682a1581a3&share_channel=copy_link&appuid=65144ee3000000002401754c&xhsshare=CopyLink,2026-08-31T09:07:47.961Z
5a929de94eacab2489771f4c,多宝的朋友圈,493974388,湖北,湖北,双子座|江苏苏州,162,955,1452,955,ok,https://www.xiaohongshu.com/user/profile/5a929de94eacab2489771f4c?xsec_token=YBBb2Abjx7k26HE9EfmLXVnIdfI_Cyc-BAiX_tWBoq0pQ=&xsec_source=app_share&xhsshare=CopyLink&shareRedId=N0c7MjxJSUI6TEZFSkoyOj48QD41SzpM&apptime=1787721376&share_id=3a19a8fab44d4d7a8aaf711e5274ba27,2026-08-31T09:07:53.972Z
5a9bf384e8ac2b11940ffd40,奥利奥🍪,630783552,湖北,湖北,31岁,53,670,3298,670,ok,https://www.xiaohongshu.com/user/profile/5a9bf384e8ac2b11940ffd40?xsec_token=YBKRmoTTyhawMXGKV-2v9P4UtwFEqFTLu18-7h00IzXrA=&xsec_source=app_share&xhsshare=CopyLink&shareRedId=N0c7Qkk4PD1LP0ZFO0oxNz83OU1KSTo5&apptime=1787722902&share_id=e896a594e1974cc18dccc026377dd265,2026-08-31T09:07:54.082Z
5a8fe9944eacab36d0187975,小拾小拾,493317165,福建,福建,天秤座,178,288,358,288,ok,https://www.xiaohongshu.com/user/profile/5a8fe9944eacab36d0187975?xsec_token=YBQhvhgJ2X24qodaotasJL6FyumVJO5K8MydQPjYQdLsQ=&xsec_source=app_share&xhsshare=CopyLink&shareRedId=N0c6Rkg-PT06TEZFSkozPEozOj87Pj0-&apptime=1786093143&share_id=790685c2e9aa4279a269feed1c4b96b6,2026-08-31T09:07:54.396Z
5a9bf99911be1014b6161a60,果蛋妈咪😘,630782670,江苏,江苏,26岁|江苏苏州,160,2036,1.2万,2036,ok,https://www.xiaohongshu.com/user/profile/5a9bf99911be1014b6161a60?xsec_token=YBxHG0fEV-0Nac6gQhvacCmOXpjVz8qfpx-UlsZNWw9dc%3D&xsec_source=app_share&shareRedId=N0c7Qkk-PUI3OEdHOjgxOkg5Oj01Rjw5&apptime=1786091154&share_id=beec90b38f304630a7c83275b0411772&share_channel=copy_link&appuid=5a9bf99911be1014b6161a60&xhsshare=CopyLink,2026-08-31T09:07:57.018Z
5a9ed5b54eacab7e8cf94b24,没有早餐的Tiffany,181164478,天津,天津,31岁|母婴博主,48,197,6516,197,ok,https://www.xiaohongshu.com/user/profile/5a9ed5b54eacab7e8cf94b24?xsec_token=YBHaZ1PtAmcLR9QloiBwlkt1QdfC1wRzSEoF_vKQZzOgY%3D&xsec_source=app_share&shareRedId=N0c7RUc6Rj46TEZFSko3Sz5GT0A4Rzg9&apptime=1787727670&share_id=cdf549b30fac4fb68953cd9f7614c607&share_channel=copy_link&appuid=5a9ed5b54eacab7e8cf94b24&xhsshare=CopyLink,2026-08-31T09:08:00.948Z
5a9f57b5e8ac2b2306137bce,悠悠的成长日记,184217319,浙江,浙江,27岁,322,516,229,516,ok,https://www.xiaohongshu.com/user/profile/5a9f57b5e8ac2b2306137bce?xsec_token=YBCk5xisyCymvWZ8PXPJAud3UOL9SUxlJDnpauHo4R6PY%3D&xsec_source=app_share&shareRedId=N0c7Rjg8Rj5LP0ZFO0oyOTY5Ojo7R0lO&apptime=1787667373&share_id=e4eb17d55b8c4ea981870d814e5cbfd6&share_channel=copy_link&appuid=5a9f57b5e8ac2b2306137bce&xhsshare=CopyLink,2026-08-31T09:08:01.717Z
5a9fa9a64eacab58f5681496,Youoouooo,549437152,广东,广东,,2997,1604,6604,1604,ok,https://www.xiaohongshu.com/user/profile/5a9fa9a64eacab58f5681496?xsec_token=YBEGuAvnAPTDd47pZ09hNEvuSitdgWHPNCtPFQOADXrTM=&xsec_source=app_share&xhsshare=CopyLink&shareRedId=N0c7RkQ-RT86TEZFSko1Pkw4Pz81OT8_&apptime=1787749740&share_id=db2d0adecbae47559d84e83c103a6f46,2026-08-31T09:08:03.738Z
5a9fafdbe8ac2b4fcffc057a,Lily,184297688,山东,山东,,191,169,823,169,ok,https://www.xiaohongshu.com/user/profile/5a9fafdbe8ac2b4fcffc057a?xsec_token=YBtTSE1SU3-m2h7FWmuQrdvShI_HUXddgP8nDFIYwEB0M=&xsec_source=app_share&xhsshare=CopyLink&shareRedId=N0c7RkRLSEtLP0ZFO0o0TElJT0o0Oj1K&apptime=1787800791&share_id=1899ce26c2df44129c461c90c954242e,2026-08-31T09:08:05.984Z
5aa52f15e8ac2b501d0f2277,砳砳小虎妞（孕晚期）,181495646,江苏,江苏,30岁|母婴博主|育儿博主,135,5444,9.3万,5444,ok,https://www.xiaohongshu.com/user/profile/5aa52f15e8ac2b501d0f2277?xsec_token=YBr7Zl16GNo_5vZwkFgeqFkQo4XYJNcm5LTmL9KPAnjFU=&xsec_source=app_share&xhsshare=CopyLink&shareRedId=N0dDNTVLNT5LP0ZFO0o1NjdHOU02Nz1A&apptime=1786092633&share_id=1dc6f483612e46679f1c9e857dc7ac43,2026-08-31T09:08:06.520Z
5ab2750e4eacab1825d1aa8b,陈大事吖,636789603,江苏,江苏,26岁,18,2211,1.2万,2211,ok,https://www.xiaohongshu.com/user/profile/5ab2750e4eacab1825d1aa8b?xsec_token=YBBRXx0OfXqwNXeTmq1HEUO3dXE7nmnYz3z6AZcMqCHYk=&xsec_source=app_share&xhsshare=CopyLink&shareRedId=N0dEMjo6NE46TEZFSkoxPjg4TThFRj5L&apptime=1787717071&share_id=eeb3f012f81347f7bc5eb9cfa9415dbb,2026-08-31T09:08:08.119Z
5ab45adde8ac2b702022d542,橙子甜不甜吖,945072495,上海,上海,|母婴博主,677,2204,1.5万,2204,ok,https://www.xiaohongshu.com/user/profile/5ab45adde8ac2b702022d542?xsec_token=YBTRYDrCS1dcQo_apxkqRd4AML0SGojpcAF1QSJgjsnH0=&xsec_source=app_share&xhsshare=CopyLink&shareRedId=N0dENDhGSE1LP0ZFO0o3NjgzOzlIOjo7&apptime=1784617237&share_id=027bb2c8780049c9a36eb3ad56e6ce27,2026-08-31T09:08:11.420Z
5ab606a5e8ac2b2aef2aa9b1,祖国的花朵🌺,LEYU0306,湖南,湖南,天蝎座|湖南长沙,149,538,1505,538,ok,https://www.xiaohongshu.com/user/profile/5ab606a5e8ac2b2aef2aa9b1?xsec_token=YB60dwXgMvQgJmQc6K7_FVLC13bBvu5OkhgxDx67FzxkI=&xsec_source=app_share&xhsshare=CopyLink&shareRedId=N0dENjM7RT5LP0ZFO0oyR0tJO0hFPkg6&apptime=1786349642&share_id=4e348d883601449c9f8e88f97c0b4ab2,2026-08-31T09:08:14.172Z
5abf9baef7e8b91f2f35f4a7,嘻嘻成长记,945172252,浙江,浙江,水瓶座|中国,29,2093,1.7万,2093,ok,https://www.xiaohongshu.com/user/profile/5abf9baef7e8b91f2f35f4a7?xsec_token=YByYodw4IYOmC_xlYQgccLfB2738o4rPsmCmophPY8gf0%3D&xsec_source=app_share&shareRedId=N0dERjxHRU5MPko6S0ExTDhJPDxKOUdA&apptime=1776905547&share_id=b7ba469c98bb4303800e42025814c023&share_channel=copy_link&appuid=5abf9baef7e8b91f2f35f4a7&xhsshare=CopyLink,2026-08-31T09:08:14.810Z
5ac5cf4a11be107f9492df61,是小立夏呀,LX5566778899,江西,江西,处女座|江西上饶|母婴博主|美食博主,1237,1215,3223,1215,ok,https://www.xiaohongshu.com/user/profile/5ac5cf4a11be107f9492df61?xsec_token=YBUmSatWicNKtC9FmvlHvvOqyYc2XTjSjKknFOrA1_5P0=&xsec_source=app_share&xhsshare=CopyLink&shareRedId=N0dFNUZLOEo3OEdHOjg3TD83QjlISzw6&apptime=1787711562&share_id=0cc5f8af5e9a433a8ed1ab6708f05722,2026-08-31T09:08:16.111Z
5aca0ddc4eacab01fb5cc988,怼怼子,498304516,山东,山东,,1478,1266,2566,1266,ok,https://www.xiaohongshu.com/user/profile/5aca0ddc4eacab01fb5cc988?xsec_token=YBNbsk9F5s6l08WHiRAjAQIN9oZcF8lc-WHuh9PKo37Q4=&xsec_source=app_share&xhsshare=CopyLink&shareRedId=N0dFQTNJSEw6TEZFSkowN0xFPkpHPj5B&apptime=1786164599&share_id=9ca028aa101f49a89246ba06d11c30a9,2026-08-31T09:08:20.077Z
5accec2611be1034e6474668,樱桃小园长,yyyyy_xxxxx1,天津,天津,31岁,542,186,1966,186,ok,https://www.xiaohongshu.com/user/profile/5accec2611be1034e6474668?xsec_token=YBB2O2tjbahdv7yF2ji1cMdOZcpF6iSRNy8nzWCuSOdwU=&xsec_source=app_share&xhsshare=CopyLink&shareRedId=ODlENjo4OTk2NzUyOTgwNjg6OTk9Sks8&apptime=1787713825&share_id=06e1a21332a14af38546fc3e872f66b8,2026-08-31T09:08:22.300Z
5ad432e7e8ac2b22525ea533,爱自由天意,187369304,河北,河北,30岁|中国,530,330,3189,330,ok,https://www.xiaohongshu.com/user/profile/5ad432e7e8ac2b22525ea533?xsec_token=YBKGGC3CWxs_Xx4_g_qXpzdVvd89fWB9oyxOEP_uHXqpA%3D&xsec_source=app_share&shareRedId=N0dGNDY3SUBLP0ZFO0oyODs1PkxFOjk8&apptime=1787730194&share_id=8fcfb6eefdeb47c18b5768768197faab&share_channel=copy_link&appuid=5ad432e7e8ac2b22525ea533&xhsshare=CopyLink,2026-08-31T09:08:23.503Z
5ad43f7bdb2e603f195e74b3,派派麻麻,423990096,河北,河北,,968,1278,1.3万,1278,ok,https://www.xiaohongshu.com/user/profile/5ad43f7bdb2e603f195e74b3?xsec_token=YBpJY1iDwZtrjztcxdaP4Pk6ykZMZmkXQdNTt0WghXSsU%3D&xsec_source=app_share&shareRedId=N0dGNDZLO0tKSTdHPzgzTDc8Pkw7OUg8&apptime=1787667253&share_id=4ed8928c1d2846d2b5e7869a4852ac6e&share_channel=copy_link&appuid=5ad43f7bdb2e603f195e74b3&xhsshare=CopyLink,2026-08-31T09:08:23.678Z
5ad4608be8ac2b3296cc6018,小陈皮皮,498849822,广东,广东,天蝎座,223,1110,6025,1110,ok,https://www.xiaohongshu.com/user/profile/5ad4608be8ac2b3296cc6018?xsec_token=YBTMuP_bptGpueV8I5vShwZiP1TWEAy0XOq4xKdaAC79w=&xsec_source=app_share&xhsshare=CopyLink&shareRedId=N0dGNDk1PEtLP0ZFO0ozOD85TEo6NTdB&apptime=1787723761&share_id=2fc5a5ccc5b14e458be70f2f918e4f44,2026-08-31T09:08:26.498Z
5ad6c6b04eacab53ed790b05,Rica是个甜崽,270427973,山东,山东,31岁|母婴博主|育儿博主,61,2543,1.7万,2543,ok,https://www.xiaohongshu.com/user/profile/5ad6c6b04eacab53ed790b05?xsec_token=YB2ziHdgRm2WjkxzyfcYdonperbsvTAy9D3wwylWndXa4%3D&xsec_source=app_share&shareRedId=N0dGNkY7Rjk6TEZFSko1OUtHQEA0RzY-&apptime=1772082201&share_id=7c1b9cdba5e745edb73110b6811bc5ab&share_channel=copy_link&appuid=5ad6c6b04eacab53ed790b05&xhsshare=CopyLink,2026-08-31T09:08:29.844Z
5ad6d44111be104bda941404,橙子味的棒棒糖🍭,270260562,江西,江西,金牛座|江西南昌,468,4052,7.9万,4052,ok,https://www.xiaohongshu.com/user/profile/5ad6d44111be104bda941404?xsec_token=YB17h_ngC6hCVcQ8a_SU60vBW9a9YGPQchsPM-jH7pXkQ%3D&xsec_source=app_share&shareRedId=N0dGNkc5ODo3OEdHOjg0SEpEQjs1OTY9&apptime=1787718682&share_id=442a7f31d7da4f00b8835ff19b378aed&share_channel=copy_link&appuid=5ad6d44111be104bda941404&xhsshare=CopyLink,2026-08-31T09:08:30.680Z
5adaf71211be1032fcb60bb9,ha77y,270734748,天津,天津,,49,40,50,40,ok,https://www.xiaohongshu.com/user/profile/5adaf71211be1032fcb60bb9?xsec_token=YBq7GfmDv7c0Dgs_9JAqc1qQjcamshTtvcZ6eh5SiVE3Q=&xsec_source=app_share&xhsshare=CopyLink&shareRedId=N0dGQUk8NTs3OEdHOjgzOExGSz00R0hC&apptime=1787637670&share_id=861dad0ed9b0476db127eef008020eef,2026-08-31T09:08:30.741Z
5adb476d4eacab6c2ac2cfd9,小潼不同,491059920,河南,河南,|河南郑州,14,21,57,21,ok,https://www.xiaohongshu.com/user/profile/5adb476d4eacab6c2ac2cfd9?xsec_token=YB1yGrkYShOhVF26MetYZ-jSfI2ZIhz38qG-I7b-XCjgM=&xsec_source=app_share&xhsshare=CopyLink&shareRedId=N0dGQjc8Ok06TEZFSko2SThETDlHS0pC&apptime=1787671528&share_id=65262fa4049e436f9358b38a6199062c,2026-08-31T09:08:34.096Z
5adb7a4c4eacab03ffd06e8d,糖糖系小太阳,Twins_Mayday168,,,35岁|广东广州,336,2325,2.7万,2325,ok,https://www.xiaohongshu.com/user/profile/5adb7a4c4eacab03ffd06e8d?xsec_token=YBUIbyNMN0IwHFhwmPGW19rFmRPwbY_11JNLpjU-e_WDo=&xsec_source=app_share&xhsshare=CopyLink&shareRedId=N0dGQjpGOEw6TEZFSkowOUxJTTc6Sj5N&apptime=1763770698&share_id=6cb119eceb9a4a5cb149ad41c3d8a650,2026-08-31T09:08:35.844Z
5ae310d24eacab75386b0a5c,一个有趣的蛋黄✨,491320749,山东,山东,1岁,2052,699,3986,699,ok,https://www.xiaohongshu.com/user/profile/5ae310d24eacab75386b0a5c?xsec_token=YBT8BJ3e1Txiv9Vj7DvKkVZiocwoAMStWVTlp1gR-L1Ek=&xsec_source=app_share&xhsshare=CopyLink&shareRedId=N0dHMzQ1SDs6TEZFSko3Ozk7P0k0RjtM&apptime=1787719428&share_id=2f0fe1e89b0347c78c6765020df395bd,2026-08-31T09:08:38.227Z
5ae530a2e8ac2b7d445989fd,🌈Iris,266726897,陕西,陕西,|母婴博主|探店博主,56,116,351,116,ok,https://www.xiaohongshu.com/user/profile/5ae530a2e8ac2b7d445989fd?xsec_token=YBs-v_1HZXRYPXSM8VQitigfBOmdj73sA3jwQjKnyE6_s=&xsec_source=app_share&xhsshare=CopyLink&shareRedId=N0dHNTY1RTtLP0ZFO0o3Sjo3PkA8PkxN&apptime=1787667384&share_id=c90fc29cd5004c8f83022a689a96b098,2026-08-31T09:08:39.492Z
5af3d43ee8ac2b360f477320,钱多多～🍑,183625708,江西,江西,35岁|江西赣州|育儿博主|母婴博主,32,638,3403,638,ok,https://www.xiaohongshu.com/user/profile/5af3d43ee8ac2b360f477320?xsec_token=YB0LoYJJ6sF5m0EvPxo4O5gGpBCnYcD2q7P6i-Y9qeBzU=&xsec_source=app_share&xhsshare=CopyLink&shareRedId=N0dIM0c5N05LP0ZFO0ozPDZJPT47ODg5&apptime=1787670818&share_id=c080b882d284417888d2c39b36dfa7c1,2026-08-31T09:08:39.875Z
5b00165b11be10322f5d8d72,臭宝的麻麻,183448995,湖南,湖南,30岁,13,117,379,117,ok,https://www.xiaohongshu.com/user/profile/5b00165b11be10322f5d8d72?xsec_token=YBnAfeyJw3PxDZ3_ySfos5GNEHw4IeP5UTD06XyVLksSA%3D&xsec_source=app_share&shareRedId=N0gyMDQ7OUs3OEdHOjgzODhJPks8ST07&apptime=1787704667&share_id=c931237fbb2e415fb50021722cc5932f&share_channel=copy_link&appuid=5b00165b11be10322f5d8d72&xhsshare=CopyLink,2026-08-31T09:08:44.391Z
5b02b6d6e8ac2b7a5f75e8da,诺诺妈咪,183161608,黑龙江,黑龙江,33岁|爱尔兰都柏林,336,1768,3083,1768,ok,https://www.xiaohongshu.com/user/profile/5b02b6d6e8ac2b7a5f75e8da?xsec_token=YBTv_6qLuwXBt2rsH9vZFarb0XGr7u3RXtU0tV4OaGo7Y=&xsec_source=app_share&xhsshare=CopyLink&shareRedId=N0gyMkU7SD9LP0ZFO0o3RztJQDxJPUpK&apptime=1787706715&share_id=a09a603e5feb428d901ac07b3256466b,2026-08-31T09:08:45.778Z
5b0403524eacab0b903185a1,小花,957685230,天津,天津,29岁|母婴博主|育儿博主,36,1338,6467,1338,ok,https://www.xiaohongshu.com/user/profile/5b0403524eacab0b903185a1?xsec_token=YBtb1SKlpVWzO4DfhxTVX5F1GSCrdxBfO0Cpk048YNQbU%3D&xsec_source=app_share&shareRedId=N0gyNDM4OTs6TEZFSkowSD8zPDg8Okc6&apptime=1787719066&share_id=22a0b8cd6dc641cb84b1ab9b40d482b4&share_channel=copy_link&appuid=5b0403524eacab0b903185a1&xhsshare=CopyLink,2026-08-31T09:08:47.446Z
5b04ab1011be102ffee4e798,一颗小汐汐,948517362,河北,河北,28岁,205,335,425,335,ok,https://www.xiaohongshu.com/user/profile/5b04ab1011be102ffee4e798?xsec_token=YB7I713sGfVbG4xXQ99aYoVg3n9wbGNDf9LiM7jRO9AOc=&xsec_source=app_share&xhsshare=CopyLink&shareRedId=N0gyNERHNTk3OEdHOjgyTExITjtJPD9B&apptime=1786162810&share_id=dcb37e4a56ed4af0b63e0eeb98ca360e,2026-08-31T09:08:48.487Z
5b0ca9e54eacab0564a53d61,一口酸奶团🍩,271021622,上海,上海,双子座,290,1263,7982,1263,ok,https://www.xiaohongshu.com/user/profile/5b0ca9e54eacab0564a53d61?xsec_token=YBj4F2Cuic8DpxoTwh7ju_8BgFThHUeV8CmrOxniV6-bE=&xsec_source=app_share&xhsshare=CopyLink&shareRedId=N0gyQ0Q-ST46TEZFSkowOzw3Sjw3STw6&apptime=1787665344&share_id=f17bfce5452f497291d14cae1a818438,2026-08-31T09:08:52.954Z
5b108f22f7e8b94adc7dbdbf,柠檬麻麻育儿日记,dxx5551680,广东,广东,|中国|育儿博主|母婴博主,136,2852,3.4万,2852,ok,https://www.xiaohongshu.com/user/profile/5b108f22f7e8b94adc7dbdbf?xsec_token=YBdOzfvxMVFM4-iX88rYe6NWfjhPdvVwPvkql0EhqT1WE=&xsec_source=app_share&xhsshare=CopyLink&shareRedId=N0gzMDtLNjtMPko6S0E0R0pGQEtGSUhP&apptime=1787756729&share_id=b036b9b66f524fecb08760a305911b7b,2026-08-31T09:08:53.285Z
5b12b408f7e8b96bc9b3508f,不想被发现的momo,531830615_wy,天津,天津,36岁|天津河西|母婴博主,188,328,1850,328,ok,https://www.xiaohongshu.com/user/profile/5b12b408f7e8b96bc9b3508f?xsec_token=YBNNs4rZ-oo0liXMkYD5qKgrGCrJoHZOa8ScOupulbi8U%3D&xsec_source=app_share&shareRedId=N0gzMkU5NEFMPko6S0E2SEk8Szo5NT5P&apptime=1787730355&share_id=f61b6a1475f847eeb7c06f67db9c28e0&share_channel=copy_link&appuid=5b12b408f7e8b96bc9b3508f&xhsshare=CopyLink,2026-08-31T09:08:53.765Z
5b221c3ef7e8b90ee2bafb4c,周周小温暖,182042159,浙江,浙江,|浙江温州|母婴博主|育儿博主,30,2379,1.1万,2379,ok,https://www.xiaohongshu.com/user/profile/5b221c3ef7e8b90ee2bafb4c?xsec_token=YB1wwwoxDSsTUABWkOWsAkClZlcfiE84m8zWPm4zAk_hI=&xsec_source=app_share&xhsshare=CopyLink&shareRedId=N0g0MjRIN05MPko6S0EwS0s1S0hKRzpM&apptime=1787719053&share_id=ab3a41e04a3044a59fa57f87963f93aa,2026-08-31T09:08:54.235Z
5b26f2284eacab705e59939a,七喜成长记,425827610,山东,山东,27岁,5,1210,5808,1210,ok,https://www.xiaohongshu.com/user/profile/5b26f2284eacab705e59939a?xsec_token=YBKmPwFUc20bhfLyBy9Dl59mdI2G5D6h0AGC-V-PafIRY=&xsec_source=app_share&xhsshare=CopyLink&shareRedId=N0g0Nkk3NkE6TEZFSko3NjtIPkA9OD9K&apptime=1787714481&share_id=98bd2316ad294706a9874c4003c00f4e,2026-08-31T09:08:58.962Z
5b2a6756e8ac2b2573af96fb,汤圆小朋友🍡,633685569,山西,山西,射手座,49,1483,6794,1483,ok,https://www.xiaohongshu.com/user/profile/5b2a6756e8ac2b2573af96fb?xsec_token=YBDBBgnFhzgNsQRte6NtEn53faU0-8NcWPmuJgiY8OJJ8=&xsec_source=app_share&xhsshare=CopyLink&shareRedId=N0g0QTk8OT9LP0ZFO0oyOz02Sk09O0xL&apptime=1781685747&share_id=705f4a37d2bf4397aaeb79cbb02638fd,2026-08-31T09:09:00.292Z
5b2d286b11be1048fb05b574,1个甜灿（孕晚期）,117047276,湖北,湖北,25岁|湖北宜昌,75,556,5195,556,ok,https://www.xiaohongshu.com/user/profile/5b2d286b11be1048fb05b574?xsec_token=YBASExbjs4iQFhERpeR9ENd_sPrqLm0gQ7GsbpOj3omDY=&xsec_source=app_share&xhsshare=CopyLink&shareRedId=N0g0RDU9Oks3OEdHOjg0PkxFOTxGOj09&apptime=1787666582&share_id=9c1de863501242d39d10b168d8f15a4e,2026-08-31T09:09:00.864Z
5b32387811be101b8e425510,仙人掌啊掌啊掌,yangqing0405,安徽,安徽,29岁,251,302,1335,302,ok,https://www.xiaohongshu.com/user/profile/5b32387811be101b8e425510?xsec_token=YBxnyseKKDyVMwIVy5qgZLLEfhyi7xrhxMoD7dZ7XN9tA=&xsec_source=app_share&xhsshare=CopyLink&shareRedId=N0g1MjY9O0E3OEdHOjgxSD5IPTk5Ojc5&apptime=1786074913&share_id=72fde93993354c67ab0074eca76e2f17,2026-08-31T09:09:02.740Z
5b34a71fe8ac2b4efb29465d,🌻小红帽,271994793,广东,广东,33岁,288,32,430,32,ok,https://www.xiaohongshu.com/user/profile/5b34a71fe8ac2b4efb29465d?xsec_token=YBRbk12GQQiwntVNjer7jjMhSzJLikwZVCA-_FvgRy3Vw%3D&xsec_source=app_share&shareRedId=N0g1NEQ8NU9LP0ZFO0o0S0xFO0A4OztN&apptime=1786079654&share_id=57a4c73b50d845fcaeda419c91b2b0be&share_channel=copy_link&appuid=5b34a71fe8ac2b4efb29465d&xhsshare=CopyLink,2026-08-31T09:09:06.180Z
5b38e5aff7e8b90c41985fe1,一团千可包,278584762,广东,广东,|母婴博主,90,1551,1.2万,1551,ok,https://www.xiaohongshu.com/user/profile/5b38e5aff7e8b90c41985fe1?xsec_token=YBN59GKl0PjVFCnQGSTprRQI6j0k0amU2FuTtcJOIcmhk=&xsec_source=app_share&xhsshare=CopyLink&shareRedId=N0g1OEg6RU9MPko6S0EwSTo0Qj85S0s6&apptime=1787666623&share_id=3e58f7d6029847b3891c62ce3282f9be,2026-08-31T09:09:06.458Z
5b3abd6c4eacab7fb50bb6c5,小胖澄,278827026,山东,山东,25岁,17,665,1712,665,ok,https://www.xiaohongshu.com/user/profile/5b3abd6c4eacab7fb50bb6c5?xsec_token=YBiC7m-EFszzcH5EqE6BtYVN2P3UgP0h-Yeg3vEq4Y2eU=&xsec_source=app_share&xhsshare=CopyLink&shareRedId=N0g1QUVJOkw6TEZFSko3TEg4OUlGO0k-&apptime=1785242261&share_id=04c9e6a7ff1b4f108527a5cb605dbe5b,2026-08-31T09:09:07.170Z
5b3f7d874eacab40077c8877,人类幼崽|安然麻麻,940850970,四川,四川,29岁|四川成都,45,413,8741,413,ok,https://www.xiaohongshu.com/user/profile/5b3f7d874eacab40077c8877?xsec_token=YBsl-AozfiV1ay_O763qRbxtDXf9t5Mej2DiLNbk-T2RI=&xsec_source=app_share&xhsshare=CopyLink&shareRedId=N0g1RjpJPEA6TEZFSko0NjY6QEo8PT1A&apptime=1787678863&share_id=f6927dbe721049f99aadddc3d54dc8da,2026-08-31T09:09:08.781Z
5b41887df7e8b9125da4563a,漂亮小蔡,424293208,广东,广东,26岁|广东东莞|母婴博主|23条原创内容,69,5637,7.9万,5637,ok,https://www.xiaohongshu.com/user/profile/5b41887df7e8b9125da4563a?xsec_token=YBkLaVhW6j5JgTWjZm1PTPQlHETA901pvl7G6EJpzLVBY=&xsec_source=app_share&xhsshare=CopyLink&shareRedId=N0g2MTs9O01MPko6S0ExODtHSjs5OzlK&apptime=1787800481&share_id=1b36a7d960c44c43b5ed36d2afe2b4c5,2026-08-31T09:09:13.676Z
5b4600a26b58b76f7c5db9d3,辉本无心,lu11211227,浙江,浙江,摩羯座|53条原创内容,1983,5295,2.7万,5295,ok,https://www.xiaohongshu.com/user/profile/5b4600a26b58b76f7c5db9d3?xsec_token=YB8FyDNh3SR77NswwMzveamX2mG2qzl10MuBsRdro4HYc=&xsec_source=app_share&xhsshare=CopyLink&shareRedId=N0g2NjM1RTs8STo6Sz82TD1GPktGPko8&apptime=1769746034&share_id=5a7197dc55fd489398c3faae91daf823,2026-08-31T09:09:14.841Z
5b4b10fd11be103b6729f50a,是小新呢,605435047,广东,广东,,173,1602,4272,1602,ok,https://www.xiaohongshu.com/user/profile/5b4b10fd11be103b6729f50a?xsec_token=YBlYRWfMisYn1ac1i2pWNDZMdzULJiLAulYou7FHQQkeI=&xsec_source=app_share&xhsshare=CopyLink&shareRedId=N0g2QjQ1Sk03OEdHOjgzSDw6O0BKOjZK&apptime=1787674022&share_id=feee52d054824c01820011c50ced2a8f,2026-08-31T09:09:15.025Z
5b4b5ea86b58b71957248efb,湉湉超甜,545159494,上海,上海,,677,694,665,694,ok,https://www.xiaohongshu.com/user/profile/5b4b5ea86b58b71957248efb?xsec_token=YBO7ILd5na_T6IVOp4r1wu6E6QqKWodEKOKYC4ClNTUDI=&xsec_source=app_share&xhsshare=CopyLink&shareRedId=N0g2QjhKRUE8STo6Sz8xPzs6Ozs8SkxL&apptime=1786688812&share_id=36f1f5853aea4c75997f96100fab900f,2026-08-31T09:09:16.476Z
5b4db74de8ac2b54c171db21,丞丞橙橙,273831819,福建,福建,,8,173,247,173,ok,https://www.xiaohongshu.com/user/profile/5b4db74de8ac2b54c171db21?xsec_token=YBI6tqEc-Gx4JuEx5KPukthKCYUQ5gjvkHhu-Shc6L-OQ=&xsec_source=app_share&xhsshare=CopyLink&shareRedId=N0g0Qzo8Rkw6TEZFSkowSzlHPE01PklB&apptime=1787674994&share_id=1488df793ffb480a8fe4e42b22feef33,2026-08-31T09:09:21.105Z
5b53fb8f11be10127b222fb2,高校保姆退岗记（待业孕中期）,424312194,湖北,湖北,射手座|湖北武汉|vlog博主|运动博主|中南财经政法大学,223,3379,4.5万,3379,ok,https://www.xiaohongshu.com/user/profile/5b53fb8f11be10127b222fb2?xsec_token=YB9O6ppO9NAWcQr2kbUB-WjjCUxH8E81Vx-TlWigf2osw=&xsec_source=app_share&xhsshare=CopyLink&shareRedId=N0g3M0lHPE83OEdHOjgxOD1FOzk2S0g7&apptime=1787629931&share_id=73d778482dc2470797859652239d874f,2026-08-31T09:09:21.404Z
5b547adce8ac2b1241f2ce95,月球眠眠湾,185108238,山西,山西,28岁|中国|母婴博主|育儿博主,558,1737,1.5万,1737,ok,https://www.xiaohongshu.com/user/profile/5b547adce8ac2b1241f2ce95?xsec_token=YBDovi2QwsDKAFohyGrVq6vKMXrxf0djsenQvwRPFixcw%3D&xsec_source=app_share&shareRedId=OD82MTM2RkE2NzUyOTgwNjY2OTdISktP&apptime=1778129737&share_id=8d86eb9059a0450e8c8bfec6f4e8dcea&share_channel=copy_link&appuid=694101b8000000000300deef&xhsshare=CopyLink,2026-08-31T09:09:22.189Z
5b595e856b58b762ef6a0bc6,辰辰麻麻追不停,297169175,四川,四川,处女座|四川成都|母婴博主|育儿博主,138,1902,1.6万,1902,ok,https://www.xiaohongshu.com/user/profile/5b595e856b58b762ef6a0bc6?xsec_token=YBfHxPPBtwnZsujhxhYxpX6X3OCQuruoIhg57sT1bZcfc%3D&xsec_source=app_share&shareRedId=N0g3OThKPD48STo6Sz82OEtJP0g0R0k_&apptime=1787731599&share_id=f495340d87084a4b9076b0006b8b3b53&share_channel=copy_link&appuid=5b595e856b58b762ef6a0bc6&xhsshare=CopyLink,2026-08-31T09:09:24.940Z
5b5ead5d4eacab3375b1517f,小谢麻麻,639160547,广西,广西,23岁|母婴博主|育儿博主,184,5013,8.7万,5013,ok,https://www.xiaohongshu.com/user/profile/5b5ead5d4eacab3375b1517f,2026-08-31T09:09:28.903Z
5b6bd7e934062c0001380390,是派宝吖,606330485,河南,河南,,156,1548,1.0万,1548,ok,https://www.xiaohongshu.com/user/profile/5b6bd7e934062c0001380390?xsec_token=YBxuBaxXsQ-FR73-5kMLege9nO9Pt0qZKIy9YRi8enBOI=&xsec_source=app_share&xhsshare=CopyLink&shareRedId=N0g4Qkc8SUI5OzU4O0swNjY0PD80OD85&apptime=1787045534&share_id=8e3aaff19da540708e9355263ab6e76c,2026-08-31T09:09:29.889Z
5b6c6b6fde3ef80001b1ce40,黄油只只,606563363,广西,广西,摩羯座|时尚博主,29,1869,1.4万,1869,ok,https://www.xiaohongshu.com/user/profile/5b6c6b6fde3ef80001b1ce40?xsec_token=YBWqyOBFCiTnboshYewcKewIzCYSM4iITOhVD1GCwrmWs=&xsec_source=app_share&xhsshare=CopyLink&shareRedId=ODc3MTlJN0s2NzUyOTgwNjY1OTk0SUdP&apptime=1787724580&share_id=b2ee3aaa55af438d9d390e48cd5244e7,2026-08-31T09:09:30.668Z
5b7003c1c9010a0001ed5775,芋圆芍药西瓜头,606100306,天津,天津,|中国,95,1060,1.1万,1060,ok,https://www.xiaohongshu.com/user/profile/5b7003c1c9010a0001ed5775?xsec_token=YB4eqT-JQUAg0iILmWFgdyTAK_THMaBaP0e-DI1KYB3Fg%3D&xsec_source=app_share&shareRedId=N0g5MDM4RzpJQDUzOUkwNjY0Tks5PD0-&apptime=1787752532&share_id=5b62b4dde4b34202af89720cad341691&share_channel=copy_link&appuid=5b7003c1c9010a0001ed5775&xhsshare=CopyLink,2026-08-31T09:09:32.663Z
5b75ae0232ad610001c12d32,头发超多的Moon,602321354,广东,广东,30岁|冰岛,391,237,1504,237,ok,https://www.xiaohongshu.com/user/profile/5b75ae0232ad610001c12d32?xsec_token=YB_rSrSV_mvDPT2u3httDm6mUZ-c6KYTLdpr4E0CY-tDk%3D&xsec_source=app_share&shareRedId=N0g5NURKNDs5OUZGPzkwNjY0TDg2STk7&apptime=1786624990&share_id=9abf9a38a7a74ac68705697b2e0f59ef&share_channel=copy_link&appuid=5b75ae0232ad610001c12d32&xhsshare=CopyLink,2026-08-31T09:09:36.624Z
5b7cbb014452b50001322f41,小奕的孕期碎碎念,607644732,山东,山东,,22,272,1940,272,ok,https://www.xiaohongshu.com/user/profile/5b7cbb014452b50001322f41?xsec_token=YB9NUC6_LRvF8zeSMpti4yZnsUjcnDsGleNm_selc6kVM=&xsec_source=app_share&xhsshare=CopyLink&shareRedId=N0lGNDdIPEw2NzUyOTgwNjc1OTc2Rzw5&apptime=1787698512&share_id=39eb72c7e93a4c1d95cc2b0ca977ba92,2026-08-31T09:09:36.767Z
5b86309a3228800001455262,小吴是老师,626779817,辽宁,辽宁,27岁,134,23,22,23,ok,https://www.xiaohongshu.com/user/profile/5b86309a3228800001455262?xsec_token=YBFwBciUAyxlAUd788NRKOx_ARczmC1Wq0LWi90veJhbo=&xsec_source=app_share&xhsshare=CopyLink&shareRedId=N0g6NjY1PUo5OTc6QTgwNjY0PTw5Nzw7&apptime=1787753124&share_id=15807f3e9bc046dc900af1bb79373b64,2026-08-31T09:09:37.932Z
5b87d4617565930001405445,悠悠的日常,549651770,河南,河南,白羊座|安徽合肥,616,145,625,145,ok,https://www.xiaohongshu.com/user/profile/5b87d4617565930001405445?xsec_token=YBsfRDkX4dqBI3-sLRtb-xBcmlFSbnzMQ_HJqJaD1t-i4=&xsec_source=app_share&xhsshare=CopyLink&shareRedId=ODY3NjQ8PEI2NzUyOTgwNjY0OTc7Nkc-&apptime=1786091073&share_id=f23d1a89749b4d6d8fbf72bb7a8f4398,2026-08-31T09:09:38.895Z
5b894351f53bfb0001017dce,泡芙老大,542254471,山东,山东,,5,460,3339,460,ok,https://www.xiaohongshu.com/user/profile/5b894351f53bfb0001017dce?xsec_token=YBfjFwaazO0fGHHm-Z1GFMcH3BaaEvH211NxNwhcXciro=&xsec_source=app_share&xhsshare=CopyLink&shareRedId=N0k4ODU1Sj82NzUyOTgwNjczOTg6SUlA&apptime=1787719692&share_id=9b85486a524849a4a0b2bd277d3a57e6,2026-08-31T09:09:43.488Z
5b8b290883b5d900011df70e,谦凡小暖屋,563515984,江西,江西,,28,2380,1.7万,2380,ok,https://www.xiaohongshu.com/user/profile/5b8b290883b5d900011df70e?xsec_token=YBH9Ir0tAxTZon_Nj6pVyIxcyhb02ArPR7YJbzvczUWig%3D&xsec_source=app_share&shareRedId=N0g6QjU-NEE-Okc3TUEwNjY0OktKPDZO&apptime=1787671184&share_id=f5fd86e7776a4a3d809d532354dd95b0&share_channel=copy_link&appuid=5b8b290883b5d900011df70e&xhsshare=CopyLink,2026-08-31T09:09:44.044Z
5b8dc2a50674a700017aa272,小你,542350677,湖南,湖南,26岁|广东深圳,62,111,131,111,ok,https://www.xiaohongshu.com/user/profile/5b8dc2a50674a700017aa272?xsec_token=YB7KsliUZi-UDZ-kbxm4vIjAurYxbavGdM4lFf3uOjWCw=&xsec_source=app_share&xhsshare=CopyLink&shareRedId=ODdENzRISUE2NzUyOTgwNjczOTdGOzhL&apptime=1786105838&share_id=4b05bb2c9b734c75b61a22da1f99a552,2026-08-31T09:09:44.154Z
5b8ffee6df2f890001d0f8e0,家有两只宝｜大宝小宝,295749008,广东,广东,狮子座|广东惠州,33,111,169,111,ok,https://www.xiaohongshu.com/user/profile/5b8ffee6df2f890001d0f8e0?xsec_token=YB3kFk3IFPzIGTY34cCYjoqp27uptENqyLow8uB8AHeJE=&xsec_source=app_share&xhsshare=CopyLink&shareRedId=N0g6RklKST9KTTdIQUEwNjY0TTdKPUs5&apptime=1787669605&share_id=44a3a19192224520bfb7d8e5604f4cf7,2026-08-31T09:09:46.402Z
5b93f32df6b126000139bb4c,艾米尔～,563344853,宁夏,宁夏,27岁,235,136,283,136,ok,https://www.xiaohongshu.com/user/profile/5b93f32df6b126000139bb4c?xsec_token=YBDOqlgkNKP-Gb8upOy7xBm4IBrnt1rk8iDImRLgKL3RU=&xsec_source=app_share&xhsshare=CopyLink&shareRedId=N0g7M0k4Nk1MPUczOz4wNjY0PEBGRzpM&apptime=1787803037&share_id=0cedf6a1dbed49d89042b76a443f4123,2026-08-31T09:09:49.334Z
5bb1cf2fe2b1da0001977dde,C墩墩,156790904,湖南,湖南,天蝎座|湖南株洲,37,275,1.8万,275,ok,https://www.xiaohongshu.com/user/profile/5bb1cf2fe2b1da0001977dde?xsec_token=YBAaFivGG5tK_SRLzYQqdBmxaja-MIHNsAwijJDVMxT_I=&xsec_source=app_share&xhsshare=CopyLink&shareRedId=N0hEMUZLNk9LOUczTUkwNjY0Qj47SUpO&apptime=1787712509&share_id=73edd2c8181a46a4bdbd3758e954b6dd,2026-08-31T09:09:52.105Z
5bb315fdaa7db300017eff52,青禾沐辰,629646854,江苏,江苏,|母婴博主,834,1481,4708,1481,ok,https://www.xiaohongshu.com/user/profile/5bb315fdaa7db300017eff52?xsec_token=YBePFu3ANt76h0vQgvn1Cn5rXXjgpoRaoBOKBDsDJyXqU=&xsec_source=app_share&xhsshare=CopyLink&shareRedId=N0hEMzQ6Sk1HSDxGSzswNjY0QExKSzs7&apptime=1783648607&share_id=508cab064ae44536bd58d00cc85a2318,2026-08-31T09:09:52.109Z
5bb848a2ef3da50001dcc340,嘟嘟,541224478,上海,上海,,114,31,40,31,ok,https://www.xiaohongshu.com/user/profile/5bb848a2ef3da50001dcc340?xsec_token=YBiVcpq0mBgr6IcLHO_12biYP0pXsFR0F8A9V6WJVFmGo%3D&xsec_source=app_share&shareRedId=N0hEODc9RTtLTThGSj0wNjY0TUpHODo5&apptime=1787718232&share_id=efc5d38968c947f388e75ea89090ec62&share_channel=copy_link&appuid=5bb848a2ef3da50001dcc340&xhsshare=CopyLink,2026-08-31T09:09:54.893Z
5bb9c4a6f7e8b926543dad6f,小毛豆,153415742,四川,四川,,2138,1372,6870,1372,ok,https://www.xiaohongshu.com/user/profile/5bb9c4a6f7e8b926543dad6f?xsec_token=YBYgYaahNsimbNTrT7Ag5tju0FLo1NNsUwHyB74EQrQm4=&xsec_source=app_share&xhsshare=CopyLink&shareRedId=N0hEOUY5RT9MPko6S0EyPDs3PEtFSTxP&apptime=1787653258&share_id=2f897419ca4546b3a2997f48b6cdf9a0,2026-08-31T09:09:55.847Z
5bb9f4f13c2ad900017e7de7,彩虹爆爆龙、,562551919,江苏,江苏,,8,2431,1.6万,2431,ok,https://www.xiaohongshu.com/user/profile/5bb9f4f13c2ad900017e7de7?xsec_token=YBxa7Bb1pmkCwBXPQomlkOoCgOjoMiRuc7JnBQ7aulfjQ=&xsec_source=app_share&xhsshare=CopyLink&shareRedId=N0hEQ0U9OTs-P0ZDP0wwNjY0Tks0NTk5&apptime=1786092479&share_id=13567a9e2b5149608f87b571956a6402,2026-08-31T09:09:58.971Z
5bcef103819a070001ed77bb,哆哆麻咪,568526814,天津,天津,天蝎座,442,1173,1.3万,1173,ok,https://www.xiaohongshu.com/user/profile/5bcef103819a070001ed77bb?xsec_token=YBCCTx7JeJ4Fb0R-dJQABWdhSk_Sf7wpFPa8MItucOwTc%3D&xsec_source=app_share&shareRedId=N0hFRUk2NDw-OD5DOT8wNjY0Tks7PEhL&apptime=1776201650&share_id=cc3a09758bef4d2ab896f79863094b19&share_channel=copy_link&appuid=5bcef103819a070001ed77bb&xhsshare=CopyLink,2026-08-31T09:10:00.660Z
5bd920c5abfea20001e60001,蟹黄堡🦀,srhlchnqp,辽宁,辽宁,29岁,80,874,6093,874,ok,https://www.xiaohongshu.com/user/profile/5bd920c5abfea20001e60001?xsec_token=YBuplsUByWoH-LhNkfr9GBQu4OZUWBmkXU1dtbR-iORy8%3D&xsec_source=app_share&shareRedId=N0hGOTU1Rz5HSUtHSjowNjY0Tj00NTY6&apptime=1786656595&share_id=d56a60c0f69b4bcf9a46781464ea219b&share_channel=copy_link&appuid=5bd920c5abfea20001e60001&xhsshare=CopyLink,2026-08-31T09:10:01.823Z
5be23d65a3ee070001d3f152,韩乐一,Vx_AD08666,河南,河南,,1,3683,3.0万,3683,ok,https://www.xiaohongshu.com/user/profile/5be23d65a3ee070001d3f152?xsec_token=YBtEsrVC22T61MklXMRFzn8LUoeKupBj8BUrr7NJTdmOc=&xsec_source=app_share&xhsshare=CopyLink&shareRedId=N0hHMjZJOj5HOkpHOT8wNjY0TTpKNjs7&apptime=1787754689&share_id=f3b72e9c458e40cda408fc49acdba816,2026-08-31T09:15:09.608Z
